41122,ASCOBIC ACID 100MG,NPD,11
41127,ASCORBIC ACID TABS 50MG (,NPD,16.5
40022,ASCORIL SYRUP,OTC,"1,500.00"
37701,ASOMEX 2.5MG,CBD,90
37702,ASOMEX 5MG,CBD,150
36782,ASOMEX LT,CBD,105
41137,ASPIRIN 300MG TABS,OTC,11
41135,ASPIRIN JUNIOR,OTC,30
37143,ASPOVOR (ATORVASTATIN)  20MG,CBD,200
41667,ASTEMIZOLE 10MG,NGD,10
41007,ASTHALIN INHALER,CGD,"2,500.00"
41158,ASTHALIN RESP SOLUTION 2.5ML,CGD,950
20140,ASUNATE DENK ADULT 6S,NGD,"4,500.00"
41082,ASUNATE DENK JUNIOR 6S,NGD,"2,040.00"
37627,ATACAND (CANDESARTAN) 16 MG,CBD,700
37921,ATACAND 8MG,CBD,700
14350,ATACAND PLUS,CBD,750
36184,ATENOLOL 25MG,CGD,40
41025,ATENOLOL DENK 50MG,CGD,90
36186,ATENOLOL TABLETS 50MG,CGD,50
36185,ATENOLOL TABS 100MG,CGD,75
41142,ATERAX TABS 25MG (1),NBD,180
36648,ATIVAN 1MG,CBD,250
36183,ATORLIP (ATOVASTATIN) 10MG,CGD,100
34111,ATORVASTATIN 10 MG,CGD,80
37716,ATORVASTATIN 20MG,CGD,120
36537,ATORVASTATIN 5MG,CGD,75
41144,ATROPINE AMP 0.5MG/ML,NGD,600
36649,ATROPINE EYE DROPS 10ML,NGD,"3,750.00"
41146,ATROVENT 40 METERED DOSE INHALER,CBD,"14,500.00"
41147,ATROVENT INHALANT SOLUTION ,CBD,"12,500.00"
43304,ATROVENT INHALER,CBD,"14,500.00"
36650,AUGMENTIN 375MG,NBD,500
36240,AUGMENTIN 625MG,NBD,800
41152,AUGMENTIN IV VIALS 1.2G (,NBD,"3,000.00"
36187,AUGMENTIN SYRUP 100ML,NBD,"6,000.00"
36200,AUGPEN 625 MG,NBD,250
36208,AUGPEN SYRUP 100ML,NBD,"3,000.00"
37048,AUSTELL(CETRIZINE),CBD,80
36911,AVALIDE 12.5MG,OTC,935
37607,AVALOX 250MG,NBD,140
15932,AVAMYS NASAL SPRAY,CBD,"8,500.00"
37624,AVAMYS NASAL SPRAY,CBD,"9,500.00"
36870,AVELON 400MG,NBD,"1,400.00"
36955,AVELON 5MG,NBD,"1,000.00"
15922,AVODART (DUTASTERIDE) 0.5MG,CBD,850
5039,AVOMINE 25MG  100'S,NBD,495
37011,AZATHIOPRINE 50MG,CGD,450
36820,AZITHROMYCIN 250MG,NGD,300
36821,AZITHROMYCIN SUSPENSION,NGD,"1,500.00"
42896,BACLOFEN 5MG,CGD,450
36155,BACQURE INJECTION,CBD,"6,600.00"
36189,BACTRAZINE CREAM 50G,NBD,"3,500.00"
36653,BACTRIM  480MG,NBD,25
41161,BACTRIM AMP FOR INFUSION,NBD,"1,680.00"
20175,BACTRIM SYRUP 240MG/5ML,NBD,450
36224,BACTROBAN 2% NASAL OIT,NBD,"5,500.00"
36191,BACTROBAN OIT/CREAM,NBD,"4,500.00"
5041,BANISYL 25MG,NBD,"5,800.00"
36059,BAROTEC  SYRUP,CBD,"6,000.00"
38513,BAYER ASPIRIN  100MG,CBD,120
36068,BECLATE INHALER 100MCG,CBD,"8,000.00"
36663,BECLATE INHALER 50MCG,CBD,"6,000.00"
36192,BECLOFORTE INHALER 200DOS,CBD,"3,080.00"
41170,BECLOMETASONE INHALER,CGD,"9,000.00"
41177,BECLOMETHASONE  NASAL  SP,CGD,"9,000.00"
37179,BECLOMIN CREAM,NBD,450
43314,BECLOSONE CREAM,NBD,400
41171,BECONASE AQUEOUS NASAL SP,CBD,"6,500.00"
16071,BECONASE INHALER [AQUEOUS,CBD,"3,000.00"
36193,BECONASE NASAL SPRAY 200,CBD,"3,500.00"
41172,BECOTIDE INHALER (BECLOME,CBD,"4,800.00"
21009,BECOTIDE INHALER 200DOS,CBD,"12,000.00"
5075,BENADRYL  CAPS 25MG,NBD,"3,500.00"
5074,BENADRYL ELIXIR 100ML,NBD,"7,000.00"
36655,BENDROFLUAZIDE 5MG,CGD,50
10059,BENYLIN  EXPECTAMINE 100ML,OTC,"3,800.00"
10058,BENYLIN  FOR FLU 200ML,OTC,"5,000.00"
10042,BENYLIN  FOR FLU TABLETS,OTC,200
10057,BENYLIN EXPECTORANT 100ML,OTC,"3,800.00"
10055,BENYLIN WITH CODEINE 100M,OTC,"4,265.00"
30754,BENZAC GEL 15G,NBD,"3,500.00"
10605,BENZAC GEL 40G,NBD,"12,500.00"
36658,BENZATHINE PENICILLIN INJ,NBD,350
12123,BENZHEXOL HYDROCHLORIDE 5,CGD,35
13078,BENZOYL PEROXIDE (PANOXYL,NGD,"2,500.00"
41176,BENZOYL PEROXIDE LOTION(O,NGD,"3,000.00"
13077,BENZYL BENZOATE APPLICATION B. P.,NGD,900
36661,BENZYL PENICILLIN INJECTION 5MEGA,NGD,550
36246,BEPANTHENE CREAM,NBD,"4,500.00"
36662,BERAMIN SYRUP 100ML,OTC,500
22090,BEROCCA EFFERVERSENT TABL,NPD,50
41179,BEROTEC 100 AEROSOL COMP,CBD,"9,900.00"
10500,BEROTEC AEROSOL (COMPLETE,CBD,700
41180,BEROTEC INHALANT SOLN 0.1,CBD,"1,200.00"
5067,BEROTEC SYRUP 100MCG,CBD,"3,500.00"
37855,BETACOR CREAM,NBD,450
37856,BETACOR-S CREAM,NBD,500
43205,BETAGON EYE DROPS 0.5%,CBD,"9,000.00"
36197,BETAHISTINE DHCL 8MG,CGD,165
10054,BETALIN COUGH SYRUP,OTC,"1,500.00"
41188,BETAMETHASONE EYE/EAR/NOSE DROPS,NGD,400
41189,BETAMETHASONE TOPICAL CRE,NGD,400
41190,BETAMETHASONE TOPICAL OIN,NGD,400
41192,BETAMETHASONE WITH NEOMYC,NGD,400
37071,BETAPYN TABLETS,OTC,75
41193,BETNESOL AND NEOMYCIN EYE,NBD,"3,000.00"
36670,"BETNESOL EYE,EAR & NASAL",NBD,"3,000.00"
15016,BETNESOL -N- EYE & EAR  DROPS 10ML,NBD,"12,750.00"
36673,"BETNESOL 'N' EYE, EAR & N",NBD,"9,000.00"
12373,BETNNOVATE OINTMENT 15G,NBD,"3,000.00"
12367,BETNOVATE 'C' CREAM 15G,NBD,"3,000.00"
13018,BETNOVATE C CREAM 30G,NBD,"3,000.00"
12368,BETNOVATE 'C' OITMENT 15G,NBD,"3,000.00"
36675,BETNOVATE 'C'OINTMENT 30G,NBD,"3,000.00"
36676,BETNOVATE CREAM 30G,NBD,"3,000.00"
13019,BETNOVATE N CREAM 15G,NBD,"3,000.00"
36679,BETNOVATE 'N' CREAM 30G,NBD,"3,000.00"
12370,BETNOVATE 'N' OINTMENT 15,NBD,"3,000.00"
13020,BETNOVATE N OINTMENT 15G,NBD,"3,000.00"
13024,BETNOVATE SCALP APPLICATI,NBD,"7,500.00"
36680,BEVIDIXINE FORTE TABLETS,NBD,156
42940,BEXTRA TABS,NBD,650
36203,BEZALIP TABLETS,CBD,550
37746,BICATERO 50MG (BICALUTAMIDE),CBD,800
12026,BILARCIL TABLETS 100MG,NBD,200
12026,BILARCIL TABLETS 100MG,NBD,850
12022,BILTRICIDE TABLETS 600MG,SPE,"5,500.00"
36681,BIOPLUS 200MLS,NPD,"1,000.00"
36682,BIOPLUS AFERVERSCENT TABL,NPD,350
36204,BIORAL GEL 5G,NBD,"3,000.00"
37092,BIOTANE SOLUTION,NBD,"6,800.00"
15007,BIOTET EYE OINTMENT 3.5G,NPD,70
41202,BISACODYL TABLET 5 MG (ORALAX),NPD,50
36684,BISOLVON 8 TABLETS,OTC,100
41203,BISOLVON SYRUP 0.2%,OTC,"3,200.00"
10503,BISOLVON TABLETS 4MG,OTC,550
22025,BISOPROLOL 10MG,CGD,200
11149,BISOPROLOL 5MG,CGD,150
41205,BLEOMYCIN  I.V/I.M 15MG INJECTION,CBD,"17,600.00"
5065,BLOCADREN 10MG,CBD,200
36206,BORAX POWDER 100G,NPD,250
36202,BOSENTAN 62.5MG TABS (BOSENTAS),CBD,"2,100.00"
35407,BREXECAM 25MG,NBD,300
36359,BRIMONIDINE (ALPHAGAN ) EYE DROP,CGD,"9,900.00"
36689,BRINERDINE TABLETS,CBD,650
12151,BROMAZEPAM 3MG,CGD,150
12152,BROMAZEPAM 6MG,CGD,250
41217,BROMHEXINE TAB 8MG,OTC,200
37715,BROMOCRIPTINE 2.5MG,CGD,450
41218,BRONCHALENE SYRUP(INFANTS,OTC,"1,500.00"
10011,BRONCHALIX COUGH SYRUP 10,OTC,"1,000.00"
41220,BRONCHETTE SYRUP (100),OTC,"1,200.00"
36690,BRONCHOMINT SYRUP 60ML,OTC,"1,200.00"
37256,BRONCLEER ( ADULT),OTC,"1,500.00"
41221,BRONKALENE SYRUP(ADULT),OTC,"1,500.00"
41222,BRONKESE CO LINCTUS (1),OTC,"2,500.00"
36328,BRUFEN 200MG,NBD,10
2313,BRUFEN 400MG,NBD,15
36692,BRUFEN SYRUP 100MLS,NBD,450
12347,BRUSTAN,NBD,60
41121,BUDEFLAM INHALER,CBD,"15,000.00"
36999,BUMETANIDE 1MG,CBD,470
43125,BUPIVACAINE WITH DEXTROSE 0.05%,NBD,"1,000.00"
41228,BUSCOPAN CO AMP 5ML (1),NBD,800
41229,BUSCOPAN SYRUP 0.1% (1),NBD,"5,800.00"
36694,BUSCOPAN TABLETS 10MG,NBD,450
36696,BUTAZOLIDINE 200MG,NBD,520
2320,BUTAZOLIDINE INJ 600MG/ML,NBD,770
36698,BUTREX,NBD,450
36699,BUTREX INJECTION 200MG,NBD,850
37614,BYETTA PEN-SET 10MCG,CBD,"100,000.00"
37087,BYETTA PEN-SET 5MCG,CBD,"75,000.00"
37110,CABIVEN I.V 2553 MLS,CBD,"2,500.00"
37189,CADUET,CBD,520
7056,CAFERGOT SUPPOSITORIES,CBD,770
36702,CAFERGOT TABLETS,CBD,450
36703,CALADRYL LOTION,NBD,"2,500.00"
13079,CALAMINE LOTION BP,NGD,900
36210,CALCIUM,NPD,350
41238,CALCIUM CHLORIDE AMP 10%,NPD,"1,500.00"
36209,CALCIUM GLUCONATE  500MG,NPD,52
41239,CALCIUM GLUCONATE AMP 10%,NPD,750
24012,CALCIUM SANDOS FORTE  500 EFFERVESCENT,NPD,450
41236,CAL-C-VITA SANDOZ,NPD,297
36704,CALMAN 2MG,NBD,650
36211,CALPOL SYRUP 100ML,OTC,"3,500.00"
41325,CALTRATE ( CALCIUM WITH V,NPD,800
41242,CANALBA TOPICAL CREAM 20G,NBD,"1,050.00"
41243,CANALBA VAGINAL CREAM 50G,NBD,900
3645,CANDESARTAN CILEXETIL 2MG,CGD,220
37922,CANDID B CREAM,NBD,"1,500.00"
36357,CANDID CREAM,NBD,750
20122,CANDID EAR DROPS,NBD,"1,200.00"
20125,CANDID EYE DROPS,NBD,950
20124,CANDID LOTION,NBD,800
42841,CANDID MOUTH PAINT,NBD,"1,000.00"
16013,CANDID POWDER,NBD,"1,100.00"
20100,CANDID TV SHAMPOO,NBD,"3,000.00"
37759,CANDID V GEL,NBD,"1,500.00"
43048,CANDID VAGINAL PESSERIES,NBD,"1,000.00"
36418,CANDIDERM CREAM,NBD,"1,500.00"
37826,CANDITRAL TABS,CBD,450
12354,CANESTEN CREAM 20G,NBD,"2,600.00"
12355,CANESTEN SUSPENSION 20ML,NBD,"2,400.00"
41247,CANSTAT CREAM 15G (1),NBD,"1,700.00"
37707,CAPECITABINE 500G  INJ,CBD,"42,000.00"
13004,CAPECITABINE 500MG TABS,CBD,45
7986,CAPOTEN CAPS 25MG,CBD,45
36215,CAPOTEN TABS 50MG,CBD,95
13313,CAPSOLIN OINTMENT 37G,NBD,600
20019,CAPSYCLINE 250MG,NBD,60
37718,CAPTOPRIL 25MG,CGD,60
43141,CAPTOPRIL 50MG,CGD,55
36160,CAPTOPRIL DENK 25MG,CGD,80
37799,CARBAMAZAPINE 100MG,CGD,20
40007,CARBAMAZEPINE 200MG TABS,CGD,25
13189,CARBIMAZOLE  5MG,CGD,60
12308,CARBONET  TABLETS,NBD,60
36163,CARBOPLASTIN  150MG INJ,CBD,"17,850.00"
36858,CARBOPLASTIN  450MG INJ,CBD,"52,800.00"
37858,CARBOPLATIN  50MG,CBD,"14,500.00"
36401,CARDILATE  10MG,CBD,180
43039,CARDIOACE CAPSULES,CBD,400
41251,CARDURA 4MG ,CBD,390
37815,CARDURA 8MG,CBD,650
35981,CARLOC 12.5MG,CBD,150
35403,CARLOC 6.25MG,CBD,120
41134,CARTINEX  500,CGD,"1,150.00"
37843,CARVEDI DENK 25 MG ,CGD,160
37850,CARVEDI DENK 6.25 MG ,CGD,140
37645,CARVEDILOL  6.25MG,CGD,80
36451,CARVEDILOL 12.5MG,CGD,100
43321,CARVEDILOL 25MG,CGD,150
35405,CARVEDILOL 3.125MG,CGD,60
37350,CASCARA 5MG,NPD,150
42120,CASODEX 50MG TABS,CBD,"1,200.00"
36711,CATAFLAM 50MG TABLETS,NBD,235
41252,CATAPRESSAN TABLETS 0.15M,CBD,"2,500.00"
35972,CAUSTIC PENCIL,NGD,"2,500.00"
38507,CEBACTUM ,NGD,"3,500.00"
40030,CECLOR 187MG/50ML SUSPENS,NBD,"1,200.00"
41255,CEDOCARD TABLETS 10MG (1),CBD,450
41256,CEFACIDAL 500MG IM/IV INJ,NBD,85
37049,CEFACLOR 250MG,NBD,100
40032,CEFACLOR 375MG,NBD,250
37024,CEFACLOR 500MG,NBD,375
41257,CEFADROXIL 500 MG CAPS,NBD,500
41258,CEFALEXIN  SYRUP 125MG/5M,NGD,"1,200.00"
37060,CEFALEXIN 250MG,NGD,60
17100,CEFAPOREX 200MG,NBD,250
37876,CEFDITOREN PIVOXIL(SPECTR,NBD,"4,250.00"
36781,CEFIXIME ( C-TAX -T),NB                                                                                                                                                                                                                                                                                                                                                                                                                                                                                                                                                                                                                                                                                                                                                                                                                                                                                                                            ,400
41259,CEFOTAXIME INJ 1G,NGD,"3,500.00"
36218,CEFRIL CAPS 250MG,NBD,750
36219,CEFRIL INJ 500MG/VIAL,NBD,800
42317,CEFTRIAXONE IG INJECTION,NGD,800
41261,CEFUROXIME 250MG TABLET,NGD,350
41263,CEFUROXIME 500MG,NGD,650
41262,CEFUROXIME SOD 750 MG INJ,NGD,"4,250.00"
41139,CEFUROXIME SUSPENSION,NGD,"3,500.00"
41484,CELEBREX 200MG,CBD,800
10506,CELEMIN 5% 500ML IV,OTC,"3,000.00"
36496,CELEPID 500ML IV,NPD,"3,000.00"
21227,CELESTAMINE SYRUP,NBD,"8,000.00"
21079,CELESTAMINE SYRUP 100ML,CBD,"16,500.00"
21101,CELESTAMINE TABLETS,NBD,350
41264,CELESTENE CHRONODOSE 1ML,NBD,294
41265,CELESTENE ORAL DROPS0.05,NBD,"1,000.00"
41266,CELESTONE NASAL DROPS(1),NBD,509
41267,CELESTONE SOLUSPAN VIAL 3,NBD,"2,185.00"
22134,CELL CEPT 500MG,CBD,"3,000.00"
41174,CELLUFRESH EYE DROPS,CBD,"5,000.00"
37806,CELLUVISC  EYE DROPS,CBD,"5,000.00"
16088,CEPACOL GARGLE/MOUTHWASH,NPD,841
10044,CEPACOL LINCTUS 100ML,OTC,"1,500.00"
43310,CEPHALEXIN 500MG,NGD,80
36159,CEREBREX  200MG,CBD,800
36790,CERIZINE,NBD,160
36790,CERIZINE 5MG,NBD,171
36502,CERTICAN 0.75MG,CBD,"1,800.00"
37354,CERUMOL EAR DROPS,NPD,"5,924.16"
41514,CERVARIX ,,"9,000.00"
41277,CETRIMIDE CREAM(CETAVLON),NGD,"1,200.00"
38521,CETRIZINE 10MG,NGD,20
36952,CETRIZINE 5MG,NGD,15
37458,CETRIZINE SYRUP,NGD,500
41278,CHARCOAL ACTIVATED 500G,NGD,50
3850,CHERICOF SYRUP,OTC,"1,600.00"
36719,CHLOPROMAZINE HCL INJECTI,NBD,400
36165,CHLORAMBUCIL 2.5MG,CBD,100
36168,CHLORAMBUCIL 5MG,CBD,200
41279,CHLORAMINE TABLETS,NBD,20
36277,CHLORAMPHENICOL 250MG,NGD,30
37283,CHLORAMPHENICOL EAR DROPS,NGD,350
26014,CHLORAMPHENICOL EYE DROPS,NGD,300
15058,CHLORAMPHENICOL EYE OINTMENT 3.5G,NGD,200
36230,CHLORAMPHENICOL INJECTION,NGD,200
36231,CHLORAMPHENICOL SKIN OINT,NGD,700
36226,CHLORAMPHENICOL SYRUP 100ML,NGD,950
20074,CHLOROQUINE DIPHOSPHATE B. P.,NGD,25
37703,CHLORPHENIRAMINE 4MG,NGD,10
41288,CHLORPROMAZINE 100MG,CGD,15
41289,CHLORPROMAZINE 50MG/2ML (,CGD,175
36785,CHLOTRIDE 25MG,CBD,400
37013,CHOLESTYRAMINE 4MG  ( QUESTRAN),CBD,118.65
23005,CICLOSPORIN 75MG,CBD,100
42954,CIFRAN 250MG (CIPROFLOXACIN TAB),NBD,50
37004,CILODEX EAR DROPS,NBD,"11,500.00"
41066,CIMETIDINE 200MG,CGD,20
43061,CIMETIDINE 400MG,CGD,30
43056,CIMETIDINE I.V,NGD,600
36223,CINNARIZINE 25MG,CGD,60
37456,CIPRALEX   10MG,CBD,700
37104,CIPRAMIL 20MG,CBD,850
41063,CIPRO DENK 500,NGD,600
42885,CIPROBAY  XR IG TAB,NBD,"1,900.00"
29005,CIPROBID 500MG TABLETS,NBD,40
29004,CIPROBIOTIC TN TAB,NBD,80
29003,CIPROFLOXACIN 500 MG ,NGD,40
36295,CIPROFLOXACIN EYE DROPS,NGD,400
37187,CIPROFLOXACIN INFUSION,NGD,"2,178.00"
14060,CISPLATIN 100MG,CBD,"8,100.00"
36621,CISPLATIN 50MG INJ,CBD,"8,250.00"
13120,CITALOPRAM 20MG,CBD,750
40008,CITICOLINE,CGD,400
41300,CITRO-SODA,NPD,"1,700.00"
41301,CLAFORAN 500MG VIAL,NBD,630.4
41302,CLAFORAN VIAL 1G,NBD,"4,150.00"
43149,CLARITHROMYCIN 250MG,NGD,300
43328,CLARITHROMYCIN 500MG,NGD,750
43131,CLARITYN 10MG,NBD,250
41851,CLAVIX 75MG TABS,CBD,180
43123,CLAVULIN 375MG,NBD,250
42941,CLAVULIN SUSP.100ML,NBD,"4,000.00"
18140,CLEAR COUGH,OTC,700
41306,CLEMASTINE INJECTION,NBD,"2,500.00"
13072,CLEXANE 40MG ( ENOXAPARIUM SOD ),NBD,"7,000.00"
37523,CLIMEN TABS,CBD,180
21036,CLINDAMYCIN 150MG,NGD,250
36749,CLINDAMYCIN 250MG,NGD,450
36756,CLINDAMYCIN GEL,NGD,"1,200.00"
37328,CLOBAZAM,CGD,200
36425,CLOBETASOL CREAM,NBD,650
36425,CLOBETASOL PROPIONATE CRE,NGD,650
37742,CLOGIPEDOL,CGD,700
36450,CLOMID,NPD,150
41308,CLOMIPHENE CITRATE  50MG,NPD,100
37325,CLONAZEPAM 2MG TABLETS,CGD,220
36069,CLONIDINE 25MG,CGD,100
41310,CLOPAMON AMPS 10MG 2ML (1,NBD,400
41311,CLOPAMON SYRUP 5MG/5ML (5,NBD,"1,500.00"
41312,CLOPAMON TABS 10MG (1),NBD,80
13140,CLOPIDEGREL 75MG (PLAVIX),CBD,180
36232,CLORONOVA EAR DROPS 5% 10,NPD,"1,450.00"
36889,CLOTRI DENK 1% CREAM,NGD,"1,500.00"
41047,CLOTRI DENK PESSARIES,NGD,"3,400.00"
43122,CLOTRIMAZOLE CREAM I%,NGD,400
2151,CLOTRIMAZOLE ORAL DROPS,NGD,"1,000.00"
36084,CLOTRIMAZOLE POWDER,NGD,"1,200.00"
37220,CLOTRIMAZOLE VAGINAL CREA,NGD,"1,500.00"
36078,CLOTRIMAZOLE VAGINAL PESS,NGD,900
36718,CLOTRISAN VAGINAL TABLETS,NBD,500
43120,CLOXACILLIN  250MG,NGD,30
41313,CLOXACILLIN 125MG/5ML,NGD,750
41240,CLOXACILLIN 250MG INJ,NGD,200
41314,CLOXACILLIN CAPS 500MG,NBD,30
29009,CLOXACILLIN SYRUP,NGD,900
37455,CO- ARTESIANE SYRUP 60ML,NBD,"2,500.00"
37343,COAL TAR GEL,CGD,"4,500.00"
35982,CO-APPROVEL 150MG/12.5MG,CBD,800
12304,CO-ARINATE,NBD,"6,000.00"
36622,COARTEM TABS,NBD,"3,500.00"
37551,COCODAMOL,OTC,20
42723,CODEINE PHOSPHATE 30MG,NGD,40
41321,CODEINE TABLETS 10MG,NGD,25
37132,CO-DIOVAN 160MG,CBD,600
37753,CO-DIOVAN 80/160MG,CBD,600
37640,COFSTOP COUGH SYRUP,OTC,"1,500.00"
36730,COL  SYRUP COLCAPS SYRUP,OTC,"3,500.00"
36729,COL CAPS,OTC,80
2338,COLCHICINE 0.5 MG,CGD,350
37136,COLD CAPS SYRUP,OTC,950
36759,COLD FLU CAPS,OTC,40
12305,COLDRIL  COUGH  SYRUP,OTC,"1,200.00"
8041,COLDRIL CAPSULES,OTC,70
36998,COLIC DROPS,OTC,"2,800.00"
36250,COLOFAC (MEBEVERINE) HCL,NBD,240
2125,COLOSAR DENK 50/12.5 MG,CGD,200
41628,COMBINASE NASAL  SPRAY  ,CBD,"30,000.00"
37562,COMBIVENT NEBULES,CBD,625
22049,COMBIVITE SYRUP,NPD,"5,000.00"
22050,COMBIVITE TABLETS,NPD,"1,250.00"
36268,CO-MICARDIS 80/ 12.5MG,CBD,650
37741,CONCOR 10MG,CBD,500
13033,CONCOR 5MG,CBD,350
36237,CONTAC CAPSULES 8'S,NPD,13
37681,CONTOUR TS STRIPS,CBD,"16,500.00"
36473,CONVULEX ( VAPROIC ACID),CBD,500
17340,CORACTEN 20MG,CBD,450
38512,CORALAN 7.5MG,CBD,700
41341,CORDARONE TABLETS 200MG,CBD,650
37857,CORENZA C,NPD,450
5099,CORGARD 80MG,CBD,20
41342,CORRECTOL EYE DROPS,NBD,"3,500.00"
36717,COSCOPIN COUGH SYRUP,OTC,550
36162,COSOPT EYE DROPS,CBD,"16,500.00"
37139,CO-TAREG 80MG,CBD,410
37617,COTENOMEL 150MG,CBD,80
41344,COTEXCIN PAEDIATRIC SUSPE,NBD,"2,200.00"
41345,COTEXCIN POWDER FOR INFAN,NBD,"2,200.00"
8040,COTRIMOXAZOLE 480 MG,NGD,15
41319,CO-TRIMOXAZOLE 480MG,NGD,20
36242,COTRIMOXAZOLE SUSPENSION,NGD,650
43124,COVERSYL 10MG,CBD,700
43320,COVERSYL 4MG ,CBD,500
43327,COVERSYL PLUS TABLETS,CBD,750
37851,COVOCORT,CBD,550
37732,COXAFLAM 15MG,NBD,150
37077,COZAAR 100MG,CBD,400
37923,COZAAR 25MG,CBD,200
36054,COZAAR 50MG,CBD,400
40031,COZAAR COMPOUND,CBD,400
36128,CRESTOR  20MG,CBD,900
41485,CRESTOR 10MG,CBD,500
42286,CRESTOR 40MG,CBD,950
41024,CRESTOR 5MG,CBD,400
36333,CROMAL(SODIUM CROMOGLICATE),NBD,"1,800.00"
15822,CUTIVATE CREAM,NBD,"2,500.00"
43055,CYANOCOBALAMIN 10ML,NGD,"1,400.00"
36630,CYCLIMYCIN CAPSULES,NBD,400
41369,CYCLIZINE SYRUP ADCO 12.5,NGD,"1,750.00"
41370,CYCLIZINE TABS ADCO 50MG,NGD,130
36427,CYCLOGEST SUPPO 200MG,CBD,"1,800.00"
12350,CYCLOKAPRON (TRANEXAMIC500MG),CBD,400
37711,CYCLOKAPRON INJECTION,CBD,600
37848,CYCLOPENTOLATE HCL 0.5/1% EYE DROP,NBD,600
41371,CYCLOPHOSPHAMIDE  50MG/TAB,CGD,50
41372,CYCLOPHOSPHAMIDE 500MG I.V,CGD,"5,400.00"
41373,CYCLOPHOSPHAMIDE INJ.1G,CGD,750
41374,CYKLOKAPRON AMP 0.1G/ML 5ML (1),NBD,400
41375,CYKLOKAPRON TABS 500MG (1),NBD,400
41376,CYPROHEPTADINE HCL    (PERIACTIN],NBD,75
41384,CYSTONE TAB,NBD,50
2070,CYTARABINE 1G INJ,CBD,"36,350.00"
41380,CYTOTEC 200MG 56/60,CBD,450
11611,DACARBAZINE 200MG INJ,CBD,"22,300.00"
2162,DACARBAZINE 500MG INJ,CBD,"22,300.00"
2162,DACARBAZINE INJECTION 200MG INJ,CGD,"16,150.00"
36804,DACOF DRY COUGH SYRUP, OTC ,800
36805,DACOF EXPECTORANT, OTC ,800
36810,DACOF MUCOLYTIC, OTC ,800
36814,DACOF PAED., OTC ,800
36822,DACOLD CAPS, OTC ,50
36824,DACOLD SYRUP, OTC ,800
36103,DACTINOMYCIN 0.5MG,CBD,150
36143,DACTINOMYCIN INJECTION,CBD,"14,090.00"
13186,DAKTACORT CREAM 15G,NBD,"4,500.00"
13192,DAKTARIN CREAM,NBD,"3,500.00"
41385,DAKTARIN LOTION,NBD,"5,000.00"
36743,DAKTARIN ORAL GEL 40G,NBD,"7,200.00"
36746,DAKTARIN POWDER 20G,NBD,"7,500.00"
20202,DALACIN  'N' CAPSULES,NBD,150
41390,DALACIN C CAPS 150MG (1),NBD,500
41391,DALACIN C PHOSPHATE AMP 4,NBD,"7,500.00"
36747,DALACIN TOP SOLUTION,NBD,"12,500.00"
37862,DANAZOL 200MG,CGD,450
36748,DAONIL TABLETS,CBD,50
41394,DAPAMAX 2.5 MG TABLETS,CBD,"2,500.00"
37055,DAPSONE 100MG,CGD,180
36750,DARACLOR SYRUP,NBD,"3,500.00"
20210,DARACLOR TABLETS,NGD,350
36262,D-ARTEPP TABLETS,NBD,250
41396,DAUNORUBICIN  20MG INJ,CBD,"19,950.00"
41635,DAWAFLOX 250MG CAPSULES, NBD ,60
36776,DAWAHIST SYRUP, OTC ,800
36838,DAZOLE B CREAM, NBD ,500
41403,DECADRON VIAL 4MG/1ML 2ML,NBD,"1,500.00"
7021,DECLINAX  TABS 25MG,CGD,63
7050,DECLINAX TABLETS 10MG,CBD,200
36249,DECONGESTANT CAPS 20'S,CGD,"3,500.00"
36753,DEEP FREEZE SPRAY,NPD,"3,500.00"
41406,DEEP-HEAT OINTMENT(35G),NPD,"1,800.00"
10018,DELEASED  SYRUP,OTC,800
20041,DELTAPRIM,NPD,100
41408,DEMAZIN SYRUP 100ML (1),OTC,"4,000.00"
30098,DEMONA EYE DROPS ,NBD,500
41417,DEPAKINE 150 ML(100MG/1.75ML),CBD,180
31779,DEPLATT 150MG /75MG,CBD,250
21107,DEPO MEDROL INJECTION 1ML,NBD,"2,500.00"
21109,DEPO MEDROL INJECTION 5ML,NBD,"3,800.00"
18067,DEPO PROVERA INJECTION 1M,NPD,"1,200.00"
35406,DERIVA CREAM,CGD,"2,500.00"
37766,DERMACIN CREAM,NBD,800
41040,DERMAZINE PLUS CREAM,NBD,800
13025,DERMOVATE CREAM ,NBD,"6,500.00"
36762,DERMOVATE OINTMENT ,NBD,"6,500.00"
36482,DESELEX  SYRUP,CBD,"15,000.00"
15942,DESELEX 10MG,CBD,750
7058,DESERIL 1MG,NBD,20
35983,DESFERAL ( DESFERRIOXAMINE 500MG ),NBD,150
41061,DESLORATADINE 5MG,NBD,250
37659,DESMOPRESSIN 0.1MG,CBD,800
41393,DETRONORM 15MG,CBD,500
15824,DETRUSITOL (TOLTERODINE),CBD,"1,200.00"
37416,DETRUSITOL 2MG,CBD,800
36758,DEXACIP  EYE DROPS,NBD,450
36765,DEXACORTIN   DROPS 5ML,NBD,"1,000.00"
29008,DEXACORTIN 5MG TABLETS,NBD,140
37423,DEXACTIC  EYE DROPS,NBD,300
41420,DEXAMETHASONE INJECTION 4 MG/ML ,NGD,300
41421,DEXAMETHASONE TABS 0.5MG,NGD,15
36769,DEXONE 0.5MG TABLETS,NBD,15
15010,DEXONE EAR & EYE DROPS 5ML,NBD,400
30098,DEXONE EYE DROPS,NBD,400
21020,DEXONE INJECTION 5ML 5MG/,NGD,500
36252,DEXORPHAN LINCTUS 100ML,OTC,"1,000.00"
41422,DEXTRAN 70% IN GLUCOSE,NBD,"2,700.00"
41423,DEXTROSE  50 % 500ML (1),NBD,"1,500.00"
41425,DEXTROSE 10% 1000ML,NBD,950
36770,DEXTROSE 5% IN WATER,NBD,"2,144.00"
41427,DEXTROSE 50% 5ML,NBD,950
41428,DEXTROSE AMP 50% 20ML (1),NBD,"1,000.00"
35029,DEXTROSE INJ 50% IN WATER,NBD,"1,000.00"
2001,DF 118 FORTE 30MG,NBD,165
36254,DIAMICRON TABLETS 80MG,CBD,220
41433,DIAMOX 250 MG (1),CBD,350
13159,DIANE TABLETS,CBD,550
36294,DIAPRIDE 1 MG PLUS METFORMIN 500 MG,CGD,150
36292,DIAPRIDE 2 GLIMEPIRIDE,CGD,110
43136,DIAZEPAM 5MG,NGD,12
36627,DICLO DENK 100MG RETARD TAB,NGD,100
41085,DICLO DENK 50MG TAB,NGD,80
35979,DICLO DENK SUPPO 100MG,NGD,450
43111,DICLOFENAC 100MG,NGD,25
41973,DICLOFENAC GEL,NGD,800
36693,DICLOFENAC INJ 75MG/ 1ML,NGD,100
43130,DICLOFENAC INJ 75MG/ 3ML,NGD,300
41441,DICLOFENAC SOD 100MG SUPP,NGD,150
36257,DICLOFENAC SODIUM 50MG,NGD,20
36256,DICLOPAR TABS,NBD,40
37172,DIETENE 100MG CAPSULES,NPD,50
2317,DIFFERIM    GEL,NBD,"14,000.00"
41444,DIFLUCAN 150MG CAP,SPE,"3,000.00"
36258,DIFLUCAN CAPSULES 50MG,SPE,500
38504,DIFLUNISAL 250MG,SPE,180
37767,DIGEPLEX  500MG (PANCREATIN TAB),CBD,250
40010,DIGOXIN 0.25MG,CGD,50
41445,DIGOXIN TABLETS 0.625MG,CGD,50
13122,DILATREND 12.5MG,CBD,450
43306,DILATREND 25 MG,CBD,550
43042,DILATREND 6.25 MG,CBD,350
37926,DILTIAZEM 180MG,CBD,450
43081,DILTIAZEM 90MG,CBD,275
36775,DIMETAPP [PAEDIATRIC],OTC,"4,500.00"
36475,DIMETHIDENE NASAL SPRAY,NBD,"5,000.00"
43116,DIOTROXINE 100MG,CBD,380
21042,DIOVAN 160MG,CBD,700
10033,DIOVAN 80MG,CBD,550
36776,DIPHENHYDRAMINE EXPECTORA,OTC,800
41449,DIPROSALIC CREAM(BETAMETH,NBD,"4,500.00"
41450,DIPROSALIC LOTION 15ML,NBD,"5,500.00"
41451,DIPROSONE CREAM 30G(BETAM,NBD,"4,500.00"
36738,DISIPAL(ORPHENADRINE HCL2,CBD,85
36777,DISPRIN 81MG,OTC,150
36261,DISTAGESIC TABS 100'S,OTC,15
41456,DITHRANOL 1% 100GR (1),NBD,"1,153.00"
37743,DITROPAN 5MG,NBD,175
37783,DOBUTREX (TOLBUTAMINE),CBD,"3,500.00"
37160,DOCETAXEL 120MG INJ,CBD,"85,000.00"
36338,DOCETAXEL 80MG INJ,CBD,"65,000.00"
36878,DOMPERIDONE 10MG,CGD,50
36871,DOMPERIDONE ORAL DROPS,NGD,500
37801,DONEPEZIL,CBD,500
41460,DOPAMINE INJ 200MG/5ML,CGD,"2,700.00"
43134,DORMICUM 15MG,CBD,800
43133,DORMICUM 7.5MG,CBD,550
41463,DORMICUM INJ,CBD,"6,500.00"
41459,DORMONOCT 2MG,CBD,900
15940,DORZOLAMIDE HCL EYE DROPS,CGD,"8,000.00"
36671,DOVABET ( CALCIPOTRIOL) CREAM,CBD,"25,000.00"
37669,DOVATE CREAM,NGD,"2,500.00"
37414,DOVONEX 100G CREAM,CBD,"19,500.00"
37346,DOVONEX CREAM 30G,CBD,"5,800.00"
41136,DOXAZOSIN 8MG,NGD,400
43138,DOXORUBICIN 10MG INJ,CBD,"10,000.00"
36096,DOXORUBICIN 50MG INJ,CBD,"18,770.00"
37200,DOXYCYCLINE 100MG,NGD,20
41479,DRIXINE NASAL DROPS PAED 0.025% ,OTC,"2,000.00"
41480,DRIXINE NASAL SPRAY ADULT 0.05% ,OTC,"2,000.00"
36678,DROGENIL ( FLUTAMIDE 50MG ),CBD,300
41481,DULCOLAX SUPPOSITORY,NPD,500
36266,DULCOLAX TABLETS 5MG,NPD,200
36405,DULOXETENE ( CYMBALTA) 60 MG,CBD,"1,500.00"
41343,DUOCOTEXIN  40/320MG,NBD,"2,200.00"
37740,DUOCOTEXIN ( CHILD ),NBD,"2,200.00"
37819,DUOLIN INHALER,CBD,"6,500.00"
36595,DUOTRAV ( TRAVOPROST & TI,CBD,713
41483,DUPHASTONE TAB 10MG (DYDROGESTERONE),CBD,750
11103,DUROGESIC 100MCG,OTC,210
11109,DUROGESIC 25MCG,OTC,350
11102,DUROGESIC 50MCG,OTC,350
37527,DUVADILAN RETARD 40MG,CBD,500
36176,DYNACIRC 5MG,CBD,500
37061,DYNAPAR 100MG,NBD,25
36799,Dynapar QPS SPRAY,NBD,"3,500.00"
36850,DYNAPAYNE,OTC,15
35416,DYTOR  20MG,CBD,100
36705,EBIXA 5MG,CBD,575
41963,ECODEX CREAM,NBD,750
43305,ECOTRIN 81MG,CBD,80
37782,EFADERM CREAM,NBD,"3,000.00"
36447,EFEMOLINE ( TETRAHYDROZOLE HCL),CBD,"12,000.00"
36832,EFEMOLINE EYE DROPS,CBD,"12,500.00"
36788,EFFERSOL 50G,CBD,750
41501,EFORTIL (ETILEFRINE CHLOR,CBD,"20,000.00"
37127,EFUDIX CREAM,CBD,300
43015,ELANTAN(ISOSORBIDE DINITRATE)20MG,CBD,400
43062,ELANTAN(ISOSORBIDE DINITRATE)50MG,CBD,400
36786,ELIDEL CREAM,CBD,"9,500.00"
36710,ELOCON CREAM,NBD,"12,500.00"
21037,ELTROXIN 0.1MG,CBD,60
41510,ELTROXIN 50MCG,CBD,55
37190,ELYVATE CREAM,NBD,600
15840,EMADINE   DROPS/OINTMENT,NGD,"1,800.00"
43317,EMAL ( ARTEMETHER) 150MG IM,NBD,"1,800.00"
40011,ENALAPRIL 10MG,CGD,120
37723,ENALAPRIL 20MG,CGD,150
41508,ENALAPRIL 5 MG (1),CGD,30
36282,ENBREL ,CBD,"200,000.00"
37869,ENDERM  CREAM,NBD,650
36867,ENGERIX B VACCINE,VAC,"8,500.00"
36490,ENHANCIN TABLETS,NBD,250
43313,ENT NASAL DROPS,NBD,"2,300.00"
41664,ENT NASAL SPRAY,NBD,"2,300.00"
2106,EPANUTIN & PHENOBARBITONE,CBD,215
2109,EPANUTIN CAPS 100MG,CBD,250
41517,EPANUTIN READYMIXED PAREN,CBD,"1,456.70"
2111,EPANUTIN SUSPENSION 100ML,CBD,950
41500,EPHEDREX COUGH SYRUP 100ML,OTC,"1,050.00"
41519,EPHEDRINE NASAL DROPS 20ML (1),OTC,"1,530.00"
37620,EPHEDRINE SULPHATE 30MG/ML,OTC,"1,500.00"
37835,EPILIM 500MG,CBD,750
2256,EPILIM TABS 200MG,CBD,400
36773,EPILIUM SYRUP 100 MG/ML,CBD,"24,500.00"
32207,EPILIVE 500MG,CBD,300
42582,EPIPEN ( ADRENALINE& SODI,CBD,"70,000.00"
43037,EPIZON INFANT SUPP,OTC,150
37873,EPIZONE CREAM,OTC,"4,500.00"
41111,EPLERONE 25MG,CBD,"7,200.00"
2108,EPREX  2000IU (Erythropoeitin),CBD,"12,000.00"
41507,EPREX 4000IU (Erythropoeitin),CBD,"18,000.00"
37195,EPRISONE   50MG,CBD,150
41523,ERGOMETRINE AMPS 0.2MG (1,NGD,800
41524,ERGOMETRINE MALEATE 0.5MG,NGD,10
37019,EROCORT INHALER ,CBD,"2,000.00"
36485,EROSTIN 10 MG TAB (EBASTINE TAB),CGD,170
36485,EROSTIN 10 MG TAB (EBASTINE TAB),CGD,170
41526,ERYTHROCIN IV 1G (1),NGD,40
36270,ERYTHROMYCIN   250MG,NGD,40
41528,ERYTHROMYCIN CAPS/TABS 50,NGD,40
41529,ERYTHROMYCIN SYRUP 125MG/,NGD,900
36793,ERYTHROPOIETIN 1PEN OF 5 (2000 IU),CBD,"5,500.00"
37818,ESOMEPRAZOLE 20MG,CGD,100
15026,ESOMEPRAZOLE 40MG,CGD,150
36161,ESPIRIDE 50MG,CGD,120
36233,ESSENTIAL AMINO ACID TABS,NPD,"7,500.00"
41531,ESTRADIOL 0.5MG,CGD,236
41515,ESTRADIOL IMPLANT,CGD,"14,500.00"
37885,ESTROPAUSE 2MG,CGD,465
37877,ESTROPHEN 1MG,CBD,400
41579,ETHAMSYLATE 250MG INJ (1),NBD,400
2368,ETHYLCHLORIDE SPRAY 100G,NPD,"4,500.00"
41059,ETILEFRINE CHLORHYDRATE 5MG,CGD,500
36953,ETOPOSIDE 100MG INJ,CBD,"5,500.00"
43137,ETOPOSIDE 50MG TABS,CBD,"3,820.00"
36841,ETORICOXIB 125MG,CBD,250
36278,EUMOVATE CREAM 30G,NBD,"3,500.00"
12379,EUMOVATE OINTMENT 25G,NBD,"3,500.00"
37816,EUPHORBIUM NASAL SPRAY,CBD,"6,600.00"
36281,EUSOL SOLUTION,OTC,500
37749,EXFORGE ( AMLOD & VALSATAN 80MG),CBD,700
37842,EXOCIN EYE DROPS,NBD,"6,500.00"
37008,EYEMIST GEL,NBD,"9,000.00"
37524,EZETEROL ( EZETIMIDE ) 10MG,CBD,"1,500.00"
36267,FAMOTIDINE 20MG,CGD,40
37577,FANSIDAR 525MG,NBD,150
36601,FEBUXOSTAT 40MG,CBD,275
36808,FEFOL CAPSULES,NBD,90
42863,FELODIPINE 2.5MG,CGD,90
37564,FEMARA ( LETROZOLE ),CBD,"1,500.00"
36929,FEMIGEL 80G,CBD,"14,500.00"
22130,FENAMEX SPAS,NBD,30
43318,FENOFIBRATE 200MG,CGD,400
8003,FERRIMED SYRUP 100ML,NPD,500
37829,FEXOFENADINE HCL,CGD,200
41852,FIBROTIN 160MG ( Fenofibrate ),CGD,135
41852,FIBROTIN 160MG (Fenofibrate),CGD,135
35408,FIBROVAS ( FENOFIBROTE & ATORVASTATIN 10,CBD,400
37095,FINASTEN 5MG,CBD,400
20123,FLAGYL 200MG TABLETS,NBD,40
20118,FLAGYL INJECTION 100ML,NBD,"1,500.00"
20121,FLAGYL SUSPENSION 200MG/5ML,NBD,500
36030,FLAMMAZINE CREAM,NBD,800
43025,FLEMEZE SYRUP,OTC,"2,500.00"
36859,FLEXON(ORPHENADINE CITRAT,NBD,250
40039,FLIXONASE NEBULES,CBD,"16,800.00"
40025,FLIXONASE SPRAY,CBD,"12,500.00"
3016,FLIXOTIDE 125MCG,CBD,"15,000.00"
12321,FLIXOTIDE 250MCG,CBD,"19,500.00"
42112,FLOMAX 400MCG,CBD,800
17380,FLOMIST NASAL SPRAY,CGD,"6,000.00"
39010,FLORINEF 0.1MG,CBD,300
38514,FLOURACIL OINTMENT 20G,CGD,300
37846,FLOUROURACIL 500MG/10ML,CGD,"4,250.00"
37120,FLOVENT INHALER,CBD,"4,500.00"
36298,FLOXAPEN SYRUP,NBD,"3,500.00"
36297,FLOXAPEN TABLETS,NBD,150
37830,FLUCLOXACILLIN  SUSPENSIO,NGD,"1,400.00"
41635,FLUCLOXACILLIN 250 MG(1),NGD,295
41140,FLUCONAZOLE DENK,CBD,"3,500.00"
10822,FLUCONAZOLE DENK 150MG,NGD,550
43113,FLUCONAZOLE INFUSION,NGD,"1,500.00"
CODE,FLUCONZOLE 200 MG TAB/CAP,NGD,60
37075,FLUCORT GEL 15G (SYNALAR CREAM),NBD,"12,000.00"
36548,FLUDARA 50MG,CBD,"12,000.00"
41638,FLUDITEC 2% SYRUP-CHILDRE,OTC,"3,500.00"
41638,FLUDITEC SYRUP 5%-ADULT,OTC,25
36817,FLUMEL TABLETS,NGD,25
36006,FLUOROUCIL 500MG INJ,CBD,"4,500.00"
43115,FLUOXETINE 20MG,CGD,150
36006,FLUOYRACIL 1GM,CGD,"4,500.00"
37124,FLUPHENAZINE TABLETS,CGD,150
37721,FLUPIRTINE MELEATE CAPSULES,CGD,300
36754,FLURBIPROFEN (FROBEN),NGD,50
36585,FLUROMETHALONE (FML) EYE D,NGD,"3,000.00"
37141,FLU-STAT CAP,OTC,50
37817,FLU-STAT SYRUP,OTC,"1,500.00"
2390,FLUSTOP CAPSULES,OTC,45
36709,FLUTAMIDE 250MG,CGD,300
41874,FLUTEX SYRUP,OTC,"3,500.00"
15040,FLUTICASONE PROPIONATE,CGD,"6,000.00"
22051,FOLIC ACID 5MG TABLETS,NGD,10
41081,FOPAIN CAPS,OTC,60
37828,FORACORT INHALER,CBD,"6,500.00"
41659,FORADIL (FORMOTERIL HCL),OTC,60
41627,FORAIR NOVOLIZER,CBD,900
37100,FORVENT TABLETS,CBD,900
11264,FOSAMAX(ALENDRONATE SODIUM),CBD,"6,000.00"
2137,FOSAVANCE 70MG,CBD,"6,000.00"
41663,FRAGMIN INJ 5000I.U. 0.2ML (1),NBD,"15,223.20"
35989,FRUSEMIDE 40MG TABLETS,CGD,15
41668,FRUSEMIDE INJ 20MG/2ML 2M,CGD,150
36283,FUNBACT CREAM,NBD,750
20037,FUNGEX JELLY 20G,NBD,650
20038,FUNGEX POWDER 50G,NBD,650
36554,FUNGIZONE TABLETS,CBD,80
2319,FUSITHALMIC   EYE    DROP,NBD,"2,500.00"
3057,FYBOGEL,NPD,300
37709,GABAPENTIN 100 MG CAP,CBD,150
37709,GABAPENTIN 300MG,CBD,300
37775,GALVUS 50MG,CBD,500
41669,GAMBEX SHAMPOO,CBD,"3,500.00"
11055,GANCICLOVIR INJECTION,NGD,"38,000.00"
11065,GANCYCLOVIR INJ,NGD,"25,500.00"
37040,GARDASIL VACCINE,VAC,"50,430.00"
10114,GASTRIGEL TABLETS ,OTC,23
36716,GASTROCID  SUSPENSION,OTC,"1,000.00"
43071,GAVISCON SUSP 150ML,OTC,"6,500.00"
41674,GAVISCON SUSP 300ML,OTC,"9,500.00"
43066,GAVISCON TABS,OTC,150
37410,GEES LINCTUS -ADULT,OTC,500
36222,GEES LINCTUS CHILD 100ML,OTC,500
11129,GELUSIL TABS,OTC,50
36045,GEMCITABINE 1G INJ,CBD,"48,000.00"
36045,GEMCITABINE 200MG VIAL,CBD,"45,000.00"
41684,GEMINI EYE DROPS 15ML (1),NBD,"2,000.00"
41632,GEMZER INJECTION,CBD,"45,000.00"
2032,GENOTROPIN  1.0 UNITS,CBD,125
41685,GENTAMICIN 10MG AMPS/1ML,NGD,150
42946,GENTAMYCIN 80MG IM,NGD,125
41686,GENTAMYCIN EYE/EAR DROPS,NGD,350
36836,GENTIAN VIOLET SOLUTION,NGD,500
37928,GINGSENG CAPSULES,NPD,50
21201,GLIBENCLAMIDE 5MG,CGD,10
18045,GLICLAZIDE 30MG,CGD,150
37173,GLICLAZIDE 60MG,CGD,180
37676,GLICLAZIDE 80MG,CGD,100
37772,GLIMEPIRIDE  2MG,CGD,150
38508,GLIMEPIRIDE 2 MG DENK,CGD,160
35959,GLIMEPIRIDE 3 MG DENK,CGD,180
37175,GLIPIZIDE 2.5MG,CBD,35
37771,GLUCOBAY 25MG,CBD,150
36164,GLUCOPHAGE 1000MG,CBD,125
36840,GLUCOPHAGE FORTE  850MG,CBD,125
36842,GLUCOPHAGE FORTE 500MG,CBD,75
36715,GLUCOSAMINE & CHONDROITIN SO4,NPD,100
37724,GLUCOSAMINE & OMEGA 3 OILS,NPD,100
36830,GLUCOVANCE,CBD,150
41166,GLUTAMIC ACID,NBD,"1,200.00"
41277,GLUTAMIC ACID SYRUP,NBD,"1,200.00"
36403,GLUTIM EYE DROPS,NBD,"3,000.00"
41703,GLYCERINE SUPP ADULT (1),NPD,200
41704,GLYCERINE SUPP INFANT (1),NPD,150
37781,GLYCERYL TRINITRATE SPRAY,CGD,"19,500.00"
37860,GLYCERYL TRINITRATE TABS,CGD,150
36869,GLYCODIN COUGH SYRUP,OTC,"1,200.00"
41706,GLYCOMIN TABS 5MG (1),CBD,35
37036,GLYNASE 5MG,CBD,30
36845,GRISEOFULVIN 125MG,NGD,25
41708,GRISEOFULVIN TAB 250MG,NGD,35
41709,GRISEOFULVIN TAB 500 MG(1,NGD,70
2072,GYNO DAKTARIN CREAM,NBD,"9,000.00"
36854,GYNO PEVARYL OVULES,NBD,"9,000.00"
36312,GYNO PEVERYL CREAM,NBD,"9,000.00"
36852,GYNON DAKTARIN OVULES,NBD,"8,500.00"
18108,GYNO-TRAVOGEN VAGINAL TAB,NBD,"6,500.00"
43059,HAEMACCEL 500ML,NBD,"10,870.00"
36816,HAEMOMIN CAPSULES,NPD,10
2291,HALCION 0.25MG,NBD,"3,500.00"
22078,HALDOL DEPOT (HALOPERIDOL,CBD,"7,000.00"
36314,HALFAN  SYRUP,NBD,"7,000.00"
36315,HALFAN 250MG ( 6 ),NBD,"7,000.00"
36857,HALF-STRENGTH DARROWS SOL,NBD,"3,429.60"
42129,HALOPERIDOL 5MG,CGD,20
41723,HALOTHANE 250ML (1),NGD,"42,180.00"
37063,HATRAZAN (CABAMAZINE 50MG),CBD,50
41728,HEPARIN AMP 5000IU/ML 1ML,NGD,"2,306.40"
42970,HEPARIN CREAM,NGD,"4,000.00"
41729,HEPARIN VIAL 1000IU/ML 5M,NGD,"2,500.00"
41730,HEPARIN VIAL 5000I.U/ML 5,NGD,"5,676.00"
42994,HEPATITIS A,VAC,"33,709.67"
41774,HEP-LOCK I.M,NBD,"1,500.00"
41731,HEXARONE 200MG,CBD,"10,000.00"
41746,HIBTITER VACCINE,VAC,"1,000.00"
41160,HILDERM CREAM,NBD,"1,000.00"
36320,HISMANAL,NBD,200
41749,HISMANAL 1MG/1ML 100ML (1,TYPE,"2,014.00"
37418,HISTALIX 100ML,OTC,"1,850.00"
36862,HISTALYN SYRUP,OTC,"2,000.00"
2235,HORMORIN 200MG,CBD,900
41020,HUMALOG INSULIN,CBD,"9,000.00"
41073,HUMALOG MIX INSULIN,CBD,"9,000.00"
37046,HUMAN CHORIONI GONADOTROPHIN,CBD,"19,000.00"
40036,HUMULIN (LONG ACTING),CBD,"8,000.00"
40038,HUMULIN N (INTERMEDIATE),CBD,"3,500.00"
40037,HUMULIN R (RAPID ACTING),CBD,"3,500.00"
36166,HYDRALAZINE 20MG,CGD,200
36152,HYDRALAZINE 25MG/2ML,CGD,450
2332,HYDREA,CBD,337
43069,HYDROCHLOROTHIAZIDE 25MG,CGD,10
37369,HYDROCHLOROTHIAZIDE 50MG,CGD,20
43311,HYDROCORTISON I.V,NGD,300
37615,HYDROCORTISON SKIN OINTME,NGD,600
36299,HYDROCORTISONE  TABLETS,NGD,150
36783,HYDROCORTISONE CREAM,NGD,600
41756,HYDROCORTISONE EYE DROPS,NGD,400
36863,HYDROCORTISONE EYE OINTME,NGD,250
41759,HYDROGEN PEROXIDE 10 VOL,NPD,"1,815.00"
37733,HYDROQUINONE 5%  OINTMENT,NPD,"1,992.90"
36229,HYDROXYCHLOROQUINE (PLASMOQUINE),NGD,200
2332,HYDROXYUREA 500MG TABS,CBD,225
41765,HYOSCINE AMPS 20MG/ML,NGD,350
37226,HYOSCINE BUTYLBROMIDE 10MG,NGD,38
36864,HYPOTONE,,"1,800.00"
41780,IBANDRONIC ACID 150MCG IV,CBD,"5,500.00"
36328,IBUPROFEN 200MG TABLETS,NGD,10
36329,IBUPROFEN 400MG TABLETS,NGD,15
41149,IBUPROFEN DENK 400MG,NGD,105
41772,IBUPROFEN SYRUP 100MG/5ML,NGD,350
36536,ICHTHAMMOL ,NGD,500
37193,IDROFOS 150MG IBANDRONIC ACID,CBD,"5,500.00"
41818,IFOSFAMIDE 2G+MESNA 1200MG INJ,CBD,"38,650.00"
41125,IMIGRAN 50MG,CBD,400
36912,IMIGRAN NASAL,CBD,"18,500.00"
41776,IMIPRAMINE 25 MG(1),CGD,25
17342,IMITINAB 400MG TABS,CBD,"4,700.00"
36884,IMODIUM 5MG,NBD,300
29013,IMODIUM SYRUP 50ML,NBD,"2,125.00"
13161,IMOVANE 7.5MG,CBD,400
11150,INDAPAMIDE 1.5MG,CGD,50
2400,INDERAL 10MG,CBD,25
2399,INDERAL 40MG,CBD,60
3035,INDOCID 25MG CAPSULES,NBD,10
36873,INDOCID -R- CAPSULES 75MG,NBD,50
3037,INDOCID SUPPOSITORIES,NBD,200
41768,INDOMETHACIN 25 MG,NBD,10
37304,INEGY(EZETIMITIBE & SIMVASTATIN),CBD,550
37776,INFANRIX,VAC,"37,500.00"
43050,INFERON INJ,NBD,"15,000.00"
41784,INFLAMMIDE 200 METERED AE,CBD,"14,500.00"
37680,INFLANASE 50 AQUEOUS NASAL SPRAY,CBD,"15,000.00"
37677,INHIBACE PLUS (  CILAZAPR,CBD,"14,500.00"
21172,INSULIN  ACTRAPID MC,CBD,"14,500.00"
21161,INSULIN LENTE 100U/ML,CBD,"14,000.00"
41804,INSULIN MIXTARD 30/70 100,CBD,"29,000.00"
38519,INSULIN MIXTARD 40MG PENFILS,CBD,"14,000.00"
41806,INSULIN PROTAPHANE HMGE V,CBD,"14,000.00"
42968,INSULIN SYRINGE/U100,CBD,150
41807,INTEFLORA CAPS (1),NPD,"3,200.00"
37144,INTRAMIN 8.5% INFUSION,NBD,"13,000.00"
41809,INTRASITE GEL 15G APPLC (,NBD,"3,200.00"
35971,IODINE TINCTURE BP 100ML,NGD,800
37656,IPECACUANHA TINCTURE,OTC,"1,400.00"
41816,IPRADOL 5MG/2ML (1),CGD,800
17341,IPRATROPIUM BROMIDE INHALER ( FORVENT),CGD,"2,868.00"
37102,IRBESARTEN 300MG,CBD,800
37247,IRINOTECAN HCL 100MG INJ,CGD,"59,500.00"
37333,ISODIL 20MG,CBD,50
25001,ISOPTIN 240MG,CBD,400
41820,ISOPTIN AMP 5MG/2ML,CBD,"13,566.48"
7007,ISORDIL 10MG,CBD,60
40017,ISORSOBIDE 5MG,CGD,20
40017,ISORSOBIDE DINITRATE,CGD,80
36877,ISORSOBIDE MONONITRATE 30,CGD,150
43082,ISOSORBIDE MONONITRATE 60,CGD,200
17200,ITOPSIDE,CBD,"2,000.00"
15944,ITRACONAZOLE TABS,CGD,500
37865,IVINOTECAN 100MG,CBD,"50,000.00"
33535,JANUVIA,CBD,"1,500.00"
37128,KABIVEN I.V 1026 MLS,CBD,"53,000.00"
43330,KALETRA TABLETS,NPD,200
36882,KAOLIN MIXURE 100MLS,NPD,500
8043,KARVOL INHALANT CAPSULES,NPD,"2,500.00"
41971,KELVIN P SYRUP (PARACET &,NBD,450
41844,KENACORT 40 (TRIAMCINOLONE),NBD,"2,400.00"
41845,KENACORT RETARD 80MG,NBD,54
11040,KENALOG INJ 40MG,NBD,"2,300.00"
37852,KEPPRA 250MG ( LEVETIRACETAM ),CBD,500
CODE,KEPPRA 500 MG TAB,CBD,"1,000.00"
10254,KEPPRA 750MG,CBD,"1,500.00"
37713,KESSAR 20MG,CBD,"11,500.00"
37185,KETAMINE 500MG I.V,NGD,300
41847,KETOCONAZOLE 200MG,NGD,45
37023,KETOCONAZOLE CREAM,NGD,450
41849,KETOCONAZOLE SHAMPOO,NGD,"3,000.00"
41848,KETOPROFEN  CAPS,NGD,19.7
38503,KETOTIFEN 1MG,NGD,200
21207,KILOGEST ( NORETHISTERONE & ESTRADIOL ),CBD,600
36888,K-J JELLY 50G,NPD,"1,000.00"
41860,KLACID 250MG (1),NBD,750
42212,KLACID SYRUP,NBD,"6,800.00"
37207,KOFLYN SYRUP,OTC,900
36886,KONAKION INJECTION,NBD,150
41866,K-Y   GEL,NPD,"1,400.00"
37090,KYTRIL 1MG,CBD,"20,200.00"
2074,LAGACTIL 25MG TABLETS,CBD,150
2076,LAGACTIL 50MG,CBD,230
2067,LAGACTIL INJ  1ML,CBD,450
2069,LAGACTIL SYRUP 100ML,CBD,600
43127,LAMICTAL ( LAMOTRIGINE ) 100MG,CBD,450
37834,LAMICTIN 100MG,CBD,450
41016,LAMICTIN 200MG,CBD,600
37052,LAMICTIN 50MG,CBD,300
42133,LAMISIL  CREAM,SPE,"7,500.00"
42124,LAMISIL 250MG,SPE,"1,500.00"
6010,LANOXIN INJ 2ML,CBD,500
6013,LANOXIN TABS  0.25 MG,CBD,150
37016,LANSOPRAZOLE 30MG,CGD,300
10003,LANTUS INJECTION,CBD,"10,000.00"
37791,LANZOR  15MG,CBD,"1,200.00"
37738,LANZOR 20MG,CBD,"1,500.00"
36834,LASIX 20MG,CBD,300
18015,LASIX 40MG TABLETS,CBD,500
18010,LASIX INJECTION 2ML,NBD,300
36735,LEBACTUM IM / IV,NBD,"1,350.00"
37774,LEFUMIDE 20MG,CBD,350
41877,LENOLAX ENEMA CHILD 64ML,NPD,100
41182,LENTOGESIC SYRUP,OTC,158
36706,LESSTROL 10MG,CGD,60
36607,LESSTROL 20MG,CGD,100
41320,LETROZOLE 2.5MG,CBD,900
42158,LEUCOVORIN,CBD,"6,200.00"
36341,LEUKERAN 2MG,CBD,800
37442,LEVAMIZOLE 40MG,NGD,100
41868,LEVETIRACETAM 100ML SYRUP,CGD,"9,000.00"
37629,LEVETIRACETAM 500MG,CGD,300
36145,LEVIMIX  3ML,CBD,"10,000.00"
36433,LEVO DENK 250 MG,CGD,550
41584,LEVO DENK 500 MG TAB,CGD,800
36432,LEVOBACT 750 MG,CGD,450
41983,LEVOCETRIZINE 5MG,CBD,180
37633,LEVODOPA 50MG,CGD,400
37067,LEVOFLOXACIN 500MG,NGD,300
36966,LEXAPRO 10MG,CBD,300
36892,LEXOTAN 3MG,CBD,350
36891,LEXOTAN 6MG,CBD,600
11074,LIBRAX TABS,CBD,150
41879,LIGNOCAINE  C ADRENALIN (,NGD,560
41880,LIGNOCAINE 1% 5ML (1),NGD,500
41881,LIGNOCAINE 2% 20 ML-5ML,NGD,475
41882,LIGNOCAINE 2% 50ML (5ML),NGD,500
41883,LIGNOCAINE 5% WITH DEXTRO,NGD,600
37037,LINIMENT RUB 100ML,NGD,950
37196,LIPANTHYL 200MG,CBD,800
43143,LIPITOR 10MG,CBD,700
37630,LIPITOR 20MG,CBD,900
42279,LIPITOR 40MG,CBD,900
41030,LIPITOR 80MG,CBD,900
37610,LIPOIC ACID,CBD,500
43063,LIQUID PARAFFIN 100ML,NPD,367
15930,LISINOPRIL 10MG,CGD,75
1248,LISINOPRIL 20MG,CGD,100
41348,LISINOPRIL 5MG,CGD,50
36899,LISTERINE ( AND ALL MOUTHWASHES ),NPD,"2,025.60"
41893,LIV 52,CBD,50
11035,LIVIFEM 2.5 MG,CBD,900
41889,LIVOSTIN EYE DROPS 0.5MG/,NBD,"1,000.00"
41890,LOCABIOTAL 100 METERED DO,NBD,"4,200.00"
36900,LOCACORTEN -V- OINTMENT 1,NBD,"4,000.00"
37639,LOCASALENE OINTMENT 15G,NPD,500
16073,LOCORTEN-VIOFORM EAR DROPS 7.5ML,NBD,"1,800.00"
36809,LOFEMINAL,NPD,400
22133,LOFNAC TABLETS,NBD,45
36902,LOMOTIL,NGD,150
41984,LONART  SYRUP,NBD,"1,600.00"
41184,LONART 24S ,NBD,65
41186,LONART D880/140,NBD,"1,800.00"
41216,LONART DISPERSIBLE,NBD,648
41197,LONART FORTE 40/240,NBD,"1,800.00"
37447,LONART TABLETS,NBD,"1,600.00"
36355,LOPERAMIDE 2MG TABLETS,NBD,25
41892,LOPERAMIDE SYRUP ADCO 1MG,NGD,"1,950.00"
2150,LOPID 20MG,NBD,150
37561,LOPRESOR ( METOPROLOL ) 1,CBD,175
36462,LOPROX(CICLOPIROX OLAMINE,NBD,415
36807,LORABID SYRUP 100ML,OTC,90
37820,LORATADINE 10MG,NGD,150
10610,LORAZEPAM TABLETS,CGD,100
37412,LOSAR DENK 100 MG,CGD,250
37093,LOSAR DENK 50 MG ,CGD,150
36042,LOSARTAN 25MG,CGD,90
37093,LOSARTAN 50MG,CGD,70
36356,LOSEC 20MG CAPS,CBD,"1,500.00"
41773,LOTEM SYRUP (IBUPROFEN + PARAC),NBD,"1,750.00"
36069,LOZENGES ( ALL TYPES),NPD,500
36904,LUCOZIDE LIQUID,NPD,450
36358,LUGOL'S 10DINE,NGD,"1,000.00"
37205,LUMEFANTRINE - ARTEMETHER,NBD,"1,800.00"
37886,LUMIGAN 300MG/ML,NBD,"3,000.00"
37764,LYMECYCLINE 300MG,NGD,350
42995,LYRICA,CBD,450
41898,MAALOX SYRUP 250ML,OTC,"2,500.00"
41899,MACAINE PLAIN AMP 0.5% 10,NGD,400
41900,MACAINE SPINAL AMP 0.5% 4,NGD,"1,000.00"
41901,MACAINE SPINAL AMP CDEXTR,NGD,"1,500.00"
36907,MAGNESIUM HYDROXIDE MIXTURE,OTC,400
43083,MAGNESIUM SULPHATE INJ,NGD,300
41905,MAGNESIUM TRISILICATE SUS,OTC,350
36908,MAGNESIUM TRISILICATE TAB,OTC,10
36640,MALAFIN  SYRUP,NBD,"1,000.00"
20042,MALAQUIN 250MG,NBD,80
36625,MALARONE  TABLETS,NGD,80
36920,MAXALT 10MG,CBD,"4,500.00"
37646,MAXIPLEX INJECTION 10ML,NGD,200
37647,MAXIPLEX TABLETS,NPD,80
41919,MAXITROL EYE DROPS 5ML (1),NBD,"9,000.00"
37076,MAXOBETA CREAM 15G ,NBD,650
43064,MAXOLON 10MG,NBD,20
30017,MEASLES  VACCINE,VAC,"18,500.00"
42874,MEBENDAZOLE (VERMOX 100MG,NGD,110
41920,MEBENDAZOLE SYRUP 100MG/5,NGD,650
36374,MEBEVERINE HCL  135MG,CGD,150
12132,MEDROL 4MG,NBD,80
36917,MEFENAMIC  ACID 500MG,NGD,32
36917,MEFENAMIC ACID 250MG,NGD,30
21090,MEFENAMIC ACID SYRUP,NGD,500
41926,MEFLAM TABS (1),NBD,100
2348,MEFLOQUINE 250MG,NPD,500
36879,MELATONIN 6MG,CBD,200
40009,MELMET SR,CGD,"1,150.00"
37684,MELOXICAM,NGD,150
36687,MELPHALAN (ALKERAN) 2MG,CBD,775
41928,MENINGOCOCCAL VACC S/DOSE,VAC,"18,500.00"
41932,MEPYRAMINE MALEATE CREAM,NGD,500
2073,MERCAPTOPURINE  50 MGS,CGD,80
43117,MEROPENEM INJECTION,NBD,"8,000.00"
36477,MESACOL SUPPOSITORIES,CBD,250
36472,MESNA 200MG INJ,CBD,"1,800.00"
36391,MESTINON(PYRIDOSTIGMINE),CBD,300
37375,METFORMIN 1000MG,CGD,75
40013,METFORMIN 500MG,CGD,30
40009,METFORMIN 850MG,CGD,40
37375,METFORMIN DENK 1000 MG,CGD,160
41091,METFORMIN DENK 500MG,CGD,60
41092,METFORMIN DENK 850MG,CGD,100
36293,METHOTRAXATE 10MG,CGD,180
36935,METHOTREXATE  1G  INJ,CBD,"22,280.00"
41938,METHOTREXATE 2.5MG/TAB,CGD,180
37777,METHOTREXATE 50MG INJ,CBD,"9,500.00"
36098,METHYLATED SPIRIT,NPD,400
36390,METHYLDOPA 250MG,CGD,50
41377,METHYLPREDNISOLONE 40MG I,NGD,95
43047,METOCHLOPROMIDE 10MG/2ML,NGD,500
37609,METOCHLOPROMIDE 5MG,NGD,20
43065,METOCLOPRAMIDE  10MG,NGD,30
37839,METOCLOPROMIDE SYRUP,NGD,400
36037,METOPROLOL 50MG,CBD,200
37655,METRONIDAZOLE 200MG,NGD,10
41875,METRONIDAZOLE GEL (METROG,NGD,850
41940,METRONIDAZOLE INJECTION 500MG/100ML,NGD,400
36263,METRONIDAZOLE SYRUP,NGD,400
36024,MICARDIS 80MG,CBD,700
43202,MICONAZOLE CREAM,NGD,400
36778,MICONAZOLE EYE DROPS 1%,NGD,350
36943,MICROGYNON,NPD,650
36940,MICROPHYLLIN  125MG,CBD,150
13162,MIDAZOLAM 2MG,CGD,250
37563,MIGRANIL 250MG,CBD,150
7075,MIGRIL TABLETS,CBD,350
37334,MILCOLD SYRUP,OTC,650
2033,MINERVA,CBD,"2,500.00"
43316,MINOCYCLINE 100MG,SPE,800
41683,MINOXIDIL 5MG,CBD,230
12029,MINTEZOL TABS 500MG,NBD,250
38000,MISOPROSTOL,CGD,450
36970,MMR VACCINE,VAC,"18,000.00"
37758,MOBIC  7.5MG,NBD,80
41970,MODECATE AMP 25MG 1ML (1),CBD,"2,500.00"
2199,MODECATE INJ 1ML,CBD,800
18030,MODURETIC 20MG,CBD,150
41721,MONAIR  ( MONTELUKAST & S,CBD,450
36619,MONOPRIL 10MG,CBD,350
37135,MORPHINE 30MG TABLETS,NGD,100
36946,MORPHINE INJECTION (CD),NGD,"1,000.00"
36947,MOTILIUM SUSPENSION,CBD,"4,000.00"
11152,MOTILIUM TABLETS 10MG,CBD,250
36860,MOXAFORTE  DRY SYRUP, NBD ,"1,500.00"
36861,MOXAFORTE CAPSULES, NBD ,70
41038,MOXAFORTE DRY SYRUP,NBD,"3,500.00"
36949,MUCAINE SUSPENSION,OTC,"4,000.00"
36088,MUCOLYN COUGH SYRUP,OTC,"1,000.00"
36097,MUCOUS BULB (NASAL),APP,"7,080.00"
37539,MULTIVITAMIN SYRUP,NPD,850
22102,MULTIVITAMINS,NPD,"3,500.00"
37870,MUPICRON   OINTMENT,NGD,"4,000.00"
37662,MURINE EYE DROPS 15ML,NPD,"8,000.00"
37044,MYCOSPOR(BISONAZOLE),NBD,"8,500.00"
37084,MYCOSPORE CREAM,NBD,"8,500.00"
20198,MYCOTA CREAM,NBD,"8,500.00"
37665,MYCOTA POWDWE 70G,NBD,"9,500.00"
20265,MYCOTA SPRAY,NBD,"11,500.00"
43035,MYPRODOL CAPS,OTC,90
42121,MYPRODOL SYRUP,OTC,"1,500.00"
41986,NALIDIXIC ACID 500MG (1),NGD,50
12346,NALIDIXIC ACID SYRUP,NGD,"3,500.00"
12345,NALIDIXIC ACID TABS  250MG,NGD,55
2318,NAPROSYN 250MG,NBD,55
37667,NAPROXEN TABLETS    ,NGD,150
16008,NASONEX NASAL SPRAY,NBD,"13,500.00"
36835,NATACYN  OPTHALMIC SOL,CBD,250
42285,NATRILIX 1.5MG,CBD,250
36760,NAUMA PAIN BALM,NBD,650
38523,NAVELBINE 50MG IV,CBD,160
36290,NEBILONG 5 MG + HCT TAB,CGD,160
36454,NEBILONG 5 MG TAB,CGD,160
36437,NEBIVOLOL 5MG,CGD,300
37678,NEBULISER SOLUTION,CGD,600
42082,NEO MEDROL ACNE LOTION,NBD,"1,500.00"
15013,NEODEXONE EYE & EAR DROPS,NBD,450
15012,NEODEXONE EYE OINTMENT 3.,NBD,250
42018,NEO-MERCAZOLE 5 MG  TABLE,CBD,250
21048,NEOMERCAZOLE 5MG,CBD,200
42020,NEOMYCIN + BACITRACIN  15,NGD,400
36534,NEOMYCIN CREAM,NGD,300
15950,NEOPHEDAN CAPS,NBD,65
36959,NEOSPORIN OINTMENT 3.5G,NBD,500
36958,NEOSTIGMINE INJECTION,NBD,"1,000.00"
13332,NERISONE CREAM 15G,NBD,"36,000.00"
13114,NERISONE OINTMENT 15G,NBD,"36,000.00"
36985,NEUPOGEN AMPOULE 5MCG 1OF 5,CBD,"50,000.00"
37157,NEUROBION(VIT B- COMPLEX),CBD,495
16025,NEURONTIN 300MG(GABAPENTI,CBD,480
2044,NEUROZAN CAPSULES,CBD,480
37612,NEVIRAPINE TABS,NPD,550
37836,NEXIUM 20MG,CBD,880
15025,NEXIUM 40MG,CBD,"1,000.00"
36428,NICORANDIL 10MG (IKOREL),CGD,250
22056,NICOTINAMIDE BP 100MG TAB,NGD,250
37845,NICOTINE PATCHES,NPD,0
41088,NIFEDI DENK 10MG RETARD,CGD,90
36628,NIFEDI DENK 20MG RETARD,CGD,100
42030,NIFEDIPINE  20MG,CGD,40
42029,NIFEDIPINE 10MG,CGD,20
37837,NITRAZEPAM,CGD,90
42037,NITROFURANTOIN 100MG TABL,NGD,30
43129,NITROFURANTOIN 50MG,NGD,25
43092,NITROGLYCERINE 4MG DOSE,CGD,400
20281,NIZORAL 200MG,NBD,350
42040,NIZORAL CREAM 15G,NGD,"3,500.00"
20128,NIZORAL SHAMPOO,NBD,"7,000.00"
36961,NIZORAL SUSPENSION.,NBD,180
36360,NOLOTIL,OTC,180
42043,NOOTROPIL TAB,CBD,300
42047,NORETHISTERONE  200MG (1),CGD,120
42048,NORFLOXACIN  400MG  TABLE,NGD,40
36965,NORMET SYRUP,NBD,600
36129,NORMET TABLETS,NBD,60
16083,NORVASC 10MG,CBD,650
16089,NORVASC 5MG,CBD,450
42050,NOSCAPINE 15MG,NGD,72
36683,NOVARAPID INSULIN 10ML,CBD,"15,000.00"
36310,NOVARAPID PEN-SET 3MLS,CBD,"9,500.00"
42019,NOVOFINE NEEDLES 30G,CBD,150
35960,NOVOGLIP 5MG ( GLIPIZIDE ),CGD,21
42060,NOVOMIX 30 (FLEXPEN),CBD,"9,500.00"
15954,NOVONORM 1MG (REPAGLINIDE,CBD,120
42052,NOVORAPID PEN-SET 3ML,CBD,"9,500.00"
13140,NUGREL,CGD,150
37323,NUROFEN 200MG,NBD,90
37331,NUROFEN SYRUP  100ML,NBD,"4,000.00"
42068,NYSTATIN OITMENT,NGD,750
42945,NYSTATIN ORAL DROPS 20ML,NGD,650
43201,NYSTATIN PESSERIES,NGD,350
42066,NYSTATIN TABLETS,NGD,30
37602,OCUTON (OXEDRINE HCL2) 0.,NBD,"13,750.00"
42067,OESTRADIOL 20MG IMPLANT,CGD,"12,500.00"
21014,OESTROGEN PATCHES,CGD,"12,500.00"
37849,OFLOXACIN 200MG,NGD,60
36497,OFLOXACIN EYE DROPS 0.3%,NGD,"1,000.00"
36924,OLMESARTAN 20MG,CGD,450
36291,OLMESARTAN MEDOXOMIL 10MG,CGD,300
42069,OMEGA 3,NPD,"4,500.00"
40012,OMEPRAZOLE 20MG,CGD,30
40012,OMICAP 20,CGD,15
40040,ONCOVINE  1MG,CBD,550
41894,ONDASTERONE 4MG ( D- TRON,CGD,85
37641,ONGLYZA TAB,CBD,800
37194,OPTIVE EYE DROPS,CBD,"9,000.00"
36974,OPTREX EYE DROPS 10ML,NBD,"4,580.00"
36866,ORACEF 250MG CAPSULES, NBD ,65
36029,ORAL REHYDRATION SALTS,NPD,400
16068,ORALDINE MOUTHWASH,NPD,"1,000.00"
20231,ORBENIN (CLOXACILLIN) 250,NBD,20
36979,ORBENIN CAPSULES 250MG,NBD,275
37925,ORMERSARTAN  40MG,CBD,400
36465,ORNILOX TAB,CGD,400
43151,OROFAR(BENZOXONIUM CHLORI,OTC,250
37808,OROFER SUSPENSION,OTC,750
37689,OROQUIN 250MG TABLETS 200,NBD,50
36323,OSTEOCARE,NPD,100
37864,OSTEOEZE TABLETS,CBD,250
37543,OSTEOFOS,CGD,500
16049,OTOSPORIN DROPS 7.5ML,NBD,"4,000.00"
16004,OTRIVIN NASAL DROPS 1% (ADULT),NBD,"4,000.00"
42086,OTRIVINE 0.05% PAEDS NASA,NBD,"4,000.00"
36474,OXALIPLATIN  100MG / ML,CBD,"50,000.00"
36407,OXIS TURBOHALER TUBE,CBD,"32,500.00"
36022,OXYBUTYNIN HCL (DITROPAN),NGD,150
36575,OXYLIN(OXYMETAZOLINE) EYE DROPS,NGD,"3,500.00"
22014,OXYMETAZOLINE,NGD,300
42100,OXYTOCIN (PITOCIN)10UI,NGD,300
37657,PACLITAXEL 100MG,CBD,"60,000.00"
43034,PAINAGON,OTC,100
37591,PAINAGON SYRUP,OTC,"1,500.00"
42110,PAINAMOL TABS 500MG (1),OTC,25
41225,P-ALAXIN SYRUP,NBD,"2,000.00"
41230,P-ALAXIN TABLETS ,NBD,250
37089,PALIO D (PANTOPRAZOLE + DOMPERIDONE,CBD,35
37695,PALUDRINE 100MG TABLETS,NPD,300
42113,PANAMOR SUPP 100MG (1),NGD,30
10510,PANAPROFEN CAPSULES,OTC,25
37697,PANKLEOFLAT TABLETS,CBD,250
37165,PANTALOC 40MG,CBD,760
37336,PANTO DENK 20 MG TAB,CGD,180
37353,PANTO DENK 40 MG ,CGD,230
37107,PANTOPRAZOLE 20MG,CGD,60
37054,PANTOSEC(DOMPERIDONE + PANTOPRAZOLE),CBD,60
2278,PARACETAMOL 500MG,OTC,15
42122,PARACETAMOL PAED SUPPS 125MG,OTC,80
36581,PARACETAMOL SYRUP,OTC,450
37737,PARIET 20MG,CBD,800
42127,PARLODEL(BROMOCRIPTINE) 1,CBD,300
40018,PAROVEN 250MG,CBD,385
37170,PAROXETIN ,CBD,770
37547,PAROXETINE 20MG,CGD,700
36642,PATANOL EYE DROPS,CBD,"12,500.00"
42130,PEFLOXACIN 400MG TABS,NBD,80
36438,PENICILLIN BENZATHINE 2.4,NGD,800
20056,PENICILLIN BENZYL AMPOULE,NGD,550
20097,PENICILLIN V 125MG/5ML,NGD,500
37451,PENICILLIN V.K. 250MG,NGD,25
37751,PENTAVALENT INJECTION,NBD,"40,500.00"
21203,PENTOPRAZOLE 20MG,CGD,60
36483,PEPCID TABS,OTC,350
36744,PEPTAZOL 20MG,CBD,99
36993,PERIACTIN  TABLETS,NBD,90
42027,PERIMETHRIN CREAM,NGD,"3,500.00"
11194,PERINDOPRIL 4MG,CBD,300
36996,PERSANTIN 100MG,CBD,350
36104,PERSANTIN 200MG,CBD,350
2234,PETHIDINE 2.5ML,NGD,650
2102,PETHIDINE INJ 1ML,NGD,600
42146,PETHIDINE TABS 50MG,NGD,80
36647,PEVARYL NASAL SPRAY,NBD,"19,500.00"
36443,PEVISONE 15G CREAM,NBD,"5,800.00"
36444,PHARMAPRESS CO (ENALAPRIL,CBD,135
5050,PHENERGAN 25MG,NBD,25
42152,PHENERGAN CREAM 30 G,NBD,450
5044,PHENERGAN ELIXIR 100ML,NBD,450
5046,PHENERGAN INJ 2ML,NBD,930
42157,PHENOBARBITONE 100MG/2ML,CGD,800
2031,PHENOBARBITONE 30MG,CGD,12
36445,PHENOL-E- DROPS 500ML,NPD,"2,500.00"
43206,PHENYTOIN 100MG,CGD,50
22094,PHRYLEPHINE,NGD,150
36491,PHYTOPAUSE FORTE,CBD,350
36448,PILOCARPINE 2% EYE DROPS,NGD,705
36734,PILOGEL,NBD,"1,000.00"
41106,PIPERACILLIN + TAZOBACTAN,NBD,15
36453,PIRITON 4MG TABLETS,NGD,10
36452,PIRITON SYRUP,NBD,350
42163,PIROXICAM  20MG,NGD,15
36227,PLAQUENIL,NBD,150
36023,PLAVIX 75MG,CBD,"1,000.00"
42827,PLENDIL 2.5MG,CBD,475
42211,PLENISH K TABS 600MG,CBD,120
37425,PNEUMOCOCCAL CONJUGATED VACCINE,VAC,"40,000.00"
36455,PODOPHYLLIN PAINT,NGD,"3,000.00"
42231,POLYVALENT ANTIVENOM,NBD,675
42232,POMMADE ICHTYOLEE 10%,NPD,85
2126,PONSTAN CAPSULES,OTC,75
42233,PONSTAN PAED SUPP 125MG (,OTC,375
2243,PONSTAN SUSPENSION,OTC,"2,500.00"
42236,POTASSIUM CHLORIDE AMP 15,NGD,450
42237,POTASSIUM PERMANGANATE,NGD,675
37598,POVIDONE OINT,NGD,400
36755,POVIDONE OINTMENT,NGD,400
36599,POWERCORT CREAM,NBD,"1,100.00"
36652,PRADAXA 110mg,CBD,"1,000.00"
36239,PRAVASTATIN (PRAVASIN) 40,CGD,580
37755,PRAVASTATIN 10MG,CGD,220
12360,PRAZIQUANTEL 600MG,NGD,200
42928,PRAZOSIN  5MG,CGD,300
37841,PRED FORTE EYE DROPS,NBD,"3,400.00"
21029,PREDNISOLONE 5MG,NGD,15
2120,PREGABALIN,CGD,500
37859,PREGALIN 75MG,CBD,250
36457,PREGNATAL TABLETS,NPD,250
37731,PRELONE SYRUP,CBD,"2,500.00"
21016,PREMARIN  CREAM 42.5MG,CGD,"18,500.00"
21012,PREMARIN 0.625MG,CGD,400
21015,PREMARIN 1.25MG,CGD,550
42242,PREMARIN 25MG INJ,CGD,250
43045,PREMPAC N 0.625MG,CBD,250
41315,PREMPACK (UTROGESTON TABS,CBD,300
37010,PREMPAK - C 0.625MG,CBD,450
42245,PREMPAK-N 0.625 MG,CBD,550
42246,PREMPAK-N 1.25MG,CBD,"5,000.00"
11059,PREP-H OINTMENT,NGD,"5,000.00"
11037,PREP-H SUPPOSITORY PACK,NBD,"5,000.00"
42247,PREPIDIL GEL 0.5MG 3G,NPD,"7,500.00"
42248,PREPULSID TAB 10MG,NPD,400
36659,PRETELAX,CBD,650
37736,PREXIUM 4MG,CBD,450
41658,PREXIUM 4MG PLUS,CBD,650
36424,PREXUM 2MG,CBD,360
42950,PRIMAQUINE 15MG,NGD,100
21210,PRIMOGYN DEPOT 1ML,CBD,"7,500.00"
43121,PRIMOLUT DEPOT 250MG INJ,CBD,"7,500.00"
21220,PRIMOLUT N 5MG,CBD,185
42254,PRIMPERAN SUPPOSITORIES A,NBD,"3,500.00"
5033,PRIMPERAN TABLETS,NBD,25
37012,PROBANTHINE 15MG,NGD,20
11078,PROCTOSEDYL OIT 15MG,NBD,"12,500.00"
11080,PROCTOSEDYL SUPPOSITORIES,NBD,"12,500.00"
36397,PROCUTAN CREAM 1%,CBD,450
42256,PROGESTERONE INJ. 25 MG,CGD,"3,500.00"
42253,PROGESTRONE 25MG,CGD,100
42257,PROGUANIL HCL 100MG,NPD,300
36396,PROLUTON DEPOT INJECTION,CBD,"3,500.00"
36461,PROMETHAZINE HCL 25MG TABLETS,NGD,10
43322,PROMETHAZINE INJECTION,NGD,300
42258,PROMETHAZINE SYRUP 100 ML,NGD,400
37550,PROPANTHELINE TABS 25MG,NGD,20
36463,PROPRANOL 40MG TABLETS,CGD,12
37710,PROSCAR (FINASTERIDE)5MG,CBD,"1,200.00"
42263,PROSTIN E2 TABS 0.5MG (1),NBD,100
42264,PROTAMINE SULPHATE AMPS 5,CGD,"12,000.00"
36881,PROTAPHANE INSULIN,CBD,"14,000.00"
37303,PROTAPHANE PEN- SET INSULIN,CBD,"7,000.00"
37861,PROTOPIC OINTMENT 1%,CBD,"26,500.00"
41282,PROTOS 2G,CBD,"1,100.00"
42265,PROVERA 5MG,CBD,15
21226,PROVIRON 25MG,NPD,700
36784,PROXYM,CBD,400
36464,PROZAC 20MG TABLETS,CBD,800
37686,PULMICORT NEBULES,CBD,800
18070,PULMICORT TURBUHALER,CBD,"14,500.00"
41612,PULMISON 20MG,CBD,650
36951,PULMISONE 20MG,CBD,650
36547,PULMOCEF 500 MG TAB,CGD,400
42272,PURESIS TABS 40MG,CBD,205
36984,PURICOS 300MG,CBD,300
42273,PURICOS TABS 100MG,CBD,180
43040,PYRIDIUM TABS,NBD,180
42278,PYRIDOXINE 25MG TAB,NGD,12
22136,PYRIDOXINE HCL 50MG TABLETS,NGD,18
42280,PYRIMETHAMINE 25 MG,NGD,226
43307,QUADRIDERM CREAM,CBD,"12,250.00"
37017,QUESTRAN 4MG,CBD,50
37526,QUINAPRIL - H,CBD,300
6002,QUINIDINE SULPHATE TABS 2,NGD,50
42282,QUINIMAX 500MG TABLETS,NGD,100
42283,QUINIMAX AMPOULES 500MG,NBD,50
36487,QUININE DIHYDROCHLORIDE 3,NGD,275
37706,QUININE HCL 300MG TABLETS,NGD,60
42287,QUININE INJECTION 500MG,NGD,250
36486,QUININE SC 300MG TABLETS,NBD,60
37760,QUININE SYRUP,NBD,"3,500.00"
42951,QUININE SYRUP 100ML,NBD,800
37022,QUINODERM CREAM 25G,NBD,120
37606,RABAXIN 750MG,CBD,"5,500.00"
42017,RABEPRAZOLE SODIUM 20MG,CGD,90
36431,RABIES VACCINE,NBD,"8,000.00"
2288,RABIES VACCINE (GENERIC),NGD,"5,500.00"
37882,RAMIPRIL 10MG,CBD,250
11033,RAMIPRIL 2.5MG,CBD,120
37158,RAMIPRIL 5MG,CBD,165
40015,RAMIPRIT 20MG,CBD,450
43203,RANFERON 100ML,OTC,50
43051,RANFERON CAPSULES,NPD,35
41095,RANI DENK 150MG,CGD,200
42290,RANITIDINE  300MG TAB,CGD,50
42291,RANITIDINE 150 MG TABS,CGD,30
42293,RANITIDINE 50 MG/AMP,CGD,450
41134,RANOLAZINE 500,CGD,850
41033,RANOPHAGE 1 MG TAB,CGD,200
41034,RANOPHAGE 2 MG TAB,CGD,200
42295,RAPIFEN 0.5MG/1ML (1),NBD,300
7064,RAUTRAX IMPROVED TBS 50MG,NBD,"1,375.00"
41281,REFRESH,CBD,660
36818,RELCER SUSPENSION (GEL),OTC,"1,500.00"
36812,RELCER TABLETS,OTC,15
37091,RELESTAT EYE DROP,CBD,"5,500.00"
42302,REMICAINE AMP ADCO 2% 5ML,NBD,200
42303,REMICAINE JELLY 2% 20ML T,NBD,"5,000.00"
42304,REMICARD AMP ADCO 10% 5ML,NBD,660
42294,REMINYL 16MG,CBD,"1,400.00"
42305,REMINYL 4MG,CBD,600
36768,REMINYL 8MG,CBD,"1,000.00"
37031,RENITEC 20MG,CBD,200
37708,RENITEC 5MG TABLETS,CBD,200
42306,RENITEC TABS 10MG (1),CBD,175
37030,RENNIE TABLETS 25'S,OTC,100
35410,REPACE 100MG ( LOSARTAN P,CBD,250
36188,REQUIP 1MG,CBD,300
7035,RESERPINE 0.25MG,CGD,225
7036,RESERPINE 1MG/ML,CGD,"1,500.00"
36646,RESPERIDAL (RESPERIDONE),CGD,200
36493,RETROVIR 100MG TABLETS,NPD,"1,500.00"
20105,REVERIN INJECTION I.V. 27,NBD,"1,500.00"
43119,REVITAL,NPD,"8,000.00"
43148,REVOTRIL 1MG,CBD,140
5011,REXIGEN 10MG,CBD,10
2393,REXIGEN 40MG,CBD,20
36771,RHEUMA DENK GEL 20G,NBD,"3,600.00"
37180,RIBEFF 44MG,CBD,450
40023,RIDAQ 25MG TAB (HCT),CBD,150
35961,RIFABUTIN 150MG,CGD,200
36887,RINACET SYRUP, NBD ,360
42314,RINGERS LACTATE 500ML,NGD,450
36228,RINOGRIP SACHETS(FOR FLUE),OTC,350
13123,RISPERIDONE 1 MG,CBD,450
10004,RITALIN TABS,CBD,385
2138,RIVOTRIL 0.2MG,CBD,200
15229,RIVOTRIL 0.5MG,CBD,250
42315,RIVOTRIL 1MG AMPS (1),CBD,"1,100.00"
2140,RIVOTRIL 2MG,CBD,500
41722,RO-ACCUTANE 10MG,CBD,650
41814,RO-ACCUTANE 20MG,CBD,"1,200.00"
36134,ROBAXIN 500MG,OTC,440
42316,ROBINUL AMP 0.4MG 2ML,CBD,"2,300.00"
36507,ROCEPHINE 1G/VIAL I.V INJ,NBD,"2,100.00"
36506,ROCEPHINE 250MG/VIAL I.M,NBD,800
36508,ROCEPHINE 2G/VIAL I.M INJ,NBD,"4,500.00"
37122,ROFECOXIB 25MG,CGD,440
41032,ROMILAST 5 MG TAB (MONTELUKAST),CGD,150
36141,ROSUVAS TABS 10MG,CBD,175
35998,ROSUVASTATIN (CRESTOR) 10MG,CGD,350
42908,ROTAVIRUS VACCINE,VAC,"20,000.00"
41150,RYTHMOL 150MG,CBD,440
15123,SABRIL 500MG,CBD,"1,000.00"
11038,SALAZOPYRIN TABLETS,CBD,250
42327,SALBUTAMOL 0.5MG 1ML AMP,CGD,400
36510,SALBUTAMOL 2MG TABLETS,CGD,6
36509,SALBUTAMOL 4MG TABLETS,CGD,12
43146,SALBUTAMOL INHALER,CGD,"2,000.00"
7061,SALBUTAMOL NEBULISER SOLUTION,CGD,"1,000.00"
42328,SALBUTAMOL SULFATE 4MG TA,CGD,10
42329,SALBUTAMOL SUPPO(1),CGD,450
20266,SALBUTAMOL SYRUP 100ML,CGD,350
36833,SALICYLIC ACID,NGD,650
42330,SALINE NOSE/EYE DROPS 15ML (1),NGD,"3,300.00"
36498,SANATOGEN M & IRON TABLET,NPD,195
37041,SANATOGEN VIT E TABLETS,NPD,150
41297,SANDIMMUN,CBD,"3,000.00"
37042,SANDOMIGRAN  TABLETS,CBD,175
36686,SANDOSTATIN  500MCG/ VIAL,CBD,"4,500.00"
42334,SANOMIGRAN (PIZOTIFEN),CBD,"6,380.00"
37018,SARGRAMOSTIM VIAL,CGD,"6,380.00"
36512,SARIDON SA TABLETS,OTC,"1,200.00"
37045,SCHERIPROCT OINTMENT 15G,NBD,"5,800.00"
11105,SCHERIPROCT SUPPOSITORIES,NBD,"5,800.00"
42341,SCOLIN (SUXAMETHONIUM CHL,NBD,"6,200.00"
42342,SCOLINE AMPS 2ML (1),NBD,"15,950.00"
42343,SCOPEX CO TABS (1),NPD,275
22095,SCORBEX(ASCORBIC ACID),NPD,400
37330,SECNIDAZOLE 1G,NGD,250
42481,SECTRAL CAPS 100MG (1),CBD,"2,500.00"
5051,SECTRAL CAPS 200MG,CBD,"3,500.00"
37679,SELEGILINE 5MG,CGD,150
36539,SENOKOT 7.5MG TABLETS,NPD,275
42486,SENSODYNE MOUTHWASH,NPD,"22,000.00"
36196,SERC (BETAHISTINE HCL)  8,CBD,150
37106,SERC (BETAHISTINE),CBD,250
37047,SERENACE CAPSULES,NBD,300
37105,SERETIDE  ACCUHALER 25 / 250,CBD,"24,000.00"
34004,SERETIDE ACCUHALER 25 / 125,CBD,"18,000.00"
36511,SEREVENT ACCUHALER 250MCG,CBD,"22,000.00"
36541,SEREVENT INHALER 120 DOSE,CBD,"18,000.00"
36542,SEREVENT INHALER 60 DOSES,CBD,"13,500.00"
37192,SEROFLO 25/250 MCG INHALER,CBD,"14,500.00"
37192,SEROFLO INHALER,CBD,"14,500.00"
37854,SEROQUIL  25MG,CBD,"2,000.00"
36533,SERTRALINE 50MG,CGD,900
36522,SERVIDOXIYNE 100MG,NBD,750
36521,SERVIDOXYNE 100MG CAPSULE,NBD,800
36524,SERVIGENTA 2ML INJECTION,NBD,"5,000.00"
42049,SIBELIUM 5MG,CBD,"2,200.00"
36528,SICORTEN 10G CREAM,NBD,715
36530,SICORTEN PLUS CREAM 10G,NBD,660
35059,SILVER NITRATE PENCIL,NGD,"2,500.00"
42493,SILVER SULPHADIAZINE 1% C,NGD,800
36535,SILVER SULPHADIZINE CREAM,NGD,450
36849,SIMVASTATIN 10MG,CGD,100
42930,SIMVASTATIN 20MG,CGD,150
37138,SIMVASTATIN 40 MG,CGD,200
36617,SIMVASTATIN 80MG,CGD,220
37053,SINEMET 110MG TABLETS,CBD,350
37768,SINEMET 25 / 250MG,CBD,600
12232,SINGULAIR 10MG,CBD,900
38003,SINGULAIR 4MG,CBD,800
36742,SINURHON  SYRUP,OTC,500
42495,SINURHON TABS 1MG (1),OTC,20
42521,SINUTAB NASAL SPRAY,OTC,"4,000.00"
5111,SINUTAB SA TABS  100'S,OTC,35
5108,SINUTAB TABS  20'S,OTC,150
5112,SINUTAB WITH CODEINE 100'S,OTC,200
36641,SLEEP-EZE (VALERIAN) V NA,CBD,165
37056,SLOANS HEAT RUB 35G,OTC,850
37057,SLOANS LINIMENT,NGD,650
24004,SLOW-K 600MG TABLETS,CGD,200
42508,SOD CHLORIDE 0.9%/GLUCOSE,NGD,55
36613,SODIUM  VALPROATE 100 MG,CGD,150
36631,SODIUM AMYTAL 200MG,NGD,200
37883,SODIUM BICARBONATE  CAPS,CGD,50
42509,SODIUM BICARBONATE AMP 8.5% 50ML (1),NGD,30
42510,SODIUM CHLORDE 0.9% 200ML,NGD,"1,500.00"
42513,SODIUM CHLORIDE 0.9%  1000ML,NGD,"3,000.00"
42511,SODIUM CHLORIDE 0.9% 10ML,NGD,220
42512,SODIUM CHLORIDE 0.9% 500MLS,NGD,"4,950.00"
38505,SODIUM CLODRONATE,CGD,"2,400.00"
42515,SODIUM VALPROATE TABS 200,CGD,200
16040,SOFRADEX EYE & EAR DROPS 8ML,NBD,"9,500.00"
15037,SOFRADEX EYE & EAR OINTME,NBD,"5,900.00"
42522,SOFRAMYCINE + HYDROC NSP,NGD,330
42523,SOFRAMYCINE 1.25% NASAL S,NBD,"2,300.00"
35955,SOLIFENUS SUCCINATE 5MG,CGD,"2,400.00"
37025,SOLMUCOL 200,CBD,300
37140,SOLPHYLEX SYRUP,OTC,"2,200.00"
37059,SOLPHYLLIN SYRUP,OTC,"2,400.00"
42525,SOLU-CORTEF 500MG (1),NBD,"10,200.00"
42526,SOLU-CORTEF AMP 100MG 2ML,NBD,"9,150.00"
42527,SOLU-MEDROL 500MG INJ,NBD,"13,600.00"
42528,SOLU-MEDROL AMP 40MG 1ML,NBD,"9,900.00"
42058,SOTACOR 80MG,CBD,100
36609,SPAFIL TABLETS,NBD,40
42534,SPASFON 40MG AMPS,NBD,"37,950.00"
37062,SPERSADEX EYE DROPS,NBD,"9,150.00"
36549,SPINHALERS LOMUDAL,CBD,45
42548,SPIRACTIN 25MG,CBD,150
37503,SPIRIVA (TIOPROPIUM),CBD,"34,500.00"
43070,SPIRONOLACTONE  50MG,CGD,40
43072,SPIRONOLACTONE 100MG,CGD,60
42549,SPIRONOLACTONE 25 MG,CGD,40
37169,SPORANOX 200MG,SPE,90
37064,STAPLEX 50MG,CGD,10
37065,STATUS TABLETS,CBD,40
36140,STAXOM TABLETS (MOXIFLOXACIN),NBD,190
43021,STELAZINE 5MG,CBD,80
5062,STEMETIL 25MG,NBD,135
37068,STEMETIL 5MG TABLETS,NBD,115
5056,STEMETIL INJ 2ML,NBD,"1,800.00"
5058,STEMETIL SUPPOSITORIES 25,NBD,"2,500.00"
5057,STEMETIL SUPPOSITORIES 5M,NBD,"3,000.00"
5059,STEMETIL SYRUP 100ML,NBD,550
5055,STEMITIL INJ 1ML,NBD,685
2349,STERIMAR      50  MLS,NBD,"7,800.00"
13142,STILNOX 10MG ( ZOLPIDEM ),CBD,700
2124,STILNOX 5MG ( ZOLPIDEM ),CBD,500
42571,STILPANE TABS 400MG (1),OTC,50
36887,STOPACID SYRUP, OTC ,650
37069,STOPAYNE CAPSULES,OTC,100
37070,STOPAYNE SUSPENSION,OTC,"2,250.00"
37072,STOPAYNE TABLETS,OTC,90
36910,"STREPTOKINASE  1,500,000IU INJ",CBD,"65,800.00"
42580,STREPTOMYCINE  INJECTION,NGD,"1,800.00"
20277,STROCIT 500MG,CBD,152
42581,STUGERON 25 MG TABLETS,CBD,70
42583,SUBLIMAZE 10 ML,NPD,"17,500.00"
36787,SUCRALFATE 500MG,CGD,165
37079,SUDAFED 60MG TABLETS,OTC,152
37078,SUDAFED EXPECTORANT,OTC,"1,000.00"
37080,SUDAFED PAEDIATRIC SYRUP,OTC,"1,000.00"
36550,SULFABIOTIC POWDER 10G,NBD,"1,350.00"
35107,SULFADOXINE PYRIMETHAMINE,NGD,80
20075,SULPHADIMIDINE 500MG,NGD,99
43312,SULPHASALAZINE 500MG,CGD,250
37083,SULPHUR OINTMENT 450G,NGD,300
36065,SULPIRIDE 50MG,CBD,150
36643,SUMATRIPAN 50MG,CGD,800
37130,SUNITINIB 25MG,CBD,195
13121,SUPIROCIN  CREAM,NBD,"4,000.00"
41132,SUPIROCIN OINTMENT 5G,NBD,"4,400.00"
36745,SYLATE,CBD,365
11022,SYMBICORD TURBOHALER,CBD,"28,500.00"
12410,SYNALAR C CREAM 15G,NBD,"4,000.00"
13048,SYNALAR C OINTMENT 15G,NGD,"4,000.00"
12412,SYNALAR N CREAM 15G,NBD,"4,500.00"
36557,SYNALAR N OINTMENT 15G,NBD,"4,000.00"
12409,SYNAP FORTE,CBD,330
36025,SYNAPAUSE VAGINAL CREAM,OTC,"4,500.00"
2091,SYNDOL TABLETS,OTC,85
37007,SYNFLEX ( NAPROXEN) 275MG,CBD,300
42703,SYNTOCINON 10 IU (OXYTOCI,NBD,85
42705,SYNTOMETRINE AMP 1ML (5),NBD,"2,500.00"
42720,SYRINGE 5ML LUER LOCK TER,NGD,75
36814,SYSTANE ULTRA EYE DROP,CBD,"6,500.00"
42724,TAGAMET 200MG TABS,CBD,250
42725,TAGAMET AMPS 200MG/2ML (1,CBD,275
11184,TAGAMET TABS 400MG,CBD,50
37302,TAGARA FORTE  ( SECNIDAZOLE 1G ),NBD,250
37081,TAGERA FORTE,NBD,250
36713,TAMAZEPAM 10MG,NGD,400
12534,TAMOXIFEN CITRATE 20MG,CGD,250
40021,TAMSULOSIN 400MCG,CGD,250
37545,TAREG    30,CBD,450
36047,TAXOL   ( PACLITAXEL ),CBD,"160,000.00"
37097,TEARS NATURALE,NBD,"5,400.00"
2310,TEGRETOL 200MG,CBD,450
43200,TEGRETOL SYRUP,CBD,275
37812,TELFAST 10MG,CBD,200
10082,TELMATT,CBD,"17,600.00"
10096,TELMISARTAN + HCL,CBD,250
36380,TELMISARTEN 40MG,CBD,250
36322,TENCHLOR HS,CBD,"16,000.00"
37788,TENEKTAPLASE INJECTION,CGD,605
36099,TENOFOVIR DISOPROXIL FUMARATE,CBD,550
38515,TENORETIC 50/ 12.5MG,CBD,440
36562,TENORMIN 100MG TABLETS,CBD,650
37633,TENORMIN 25MG TABLETS,CBD,400
36561,TENORMIN 50MG TABLETS,CBD,600
36560,TENSIRAL 40MG TABLETS,CBD,385
13160,TENSTON SL,CBD,550
41702,TERBICIL 250MG,NBD,"1,000.00"
37729,TERBICIL TABLETS,CBD,350
36997,TERBINAFINE  250MG,CBD,750
37663,TERNOMIN 25MG,CBD,550
36245,TERRA-CORTRIL EYE DROPS,NBD,"3,850.00"
10017,TESTESTORONE IMPLANT IMG,NPD,125
10045,TESTOSTERONE DEPOT INJECT,NPD,200
42748,TETANUS  TOXOID  VACCINE,NPD,"3,500.00"
43000,TETANUS SERUM,NPD,550
15032,TETRACORTRIL EYE OINTMENT,NBD,550
37581,TETRACYCLINE 250MG,NBD,20
37103,TETRACYCLINE SKIN OINTMEN,NGD,300
37580,TETRALYSAL 300MG,CBD,650
15952,TEXA 10,CGD,550
42753,THEOPLUS TABS 200MG (1),CBD,125
2248,THIABENDAZOLE 500MG,NGD,"3,080.00"
42758,THIAMINE HCL 50MG,NBD,44
42759,THIAMINE HCL VIAL 100MG 1,NBD,85
13071,THROMBOPHOB OINTMENT 20G,NBD,"2,800.00"
43109,THYROXINE 100MCG,CGD,75
36570,THYROXINE 25MCG TABLETS,CGD,40
43110,THYROXINE 50MCG,CGD,55
37085,TIBOLONE CYCLE,CBD,"1,375.00"
36571,TILAZEM 60MG (ZILDEN),CBD,"1,375.00"
36572,TILAZEM 90MG TABLETS,CBD,"1,210.00"
36220,TIMOLOL 10MG,CGD,"1,250.00"
10508,TIMOLOL MELEATE 5ML,CGD,"1,250.00"
15027,TIMOPTOL DROPS 5ML,CBD,"1,100.00"
42763,TINCT BENZOIN COMP 50ML (,NGD,"2,640.00"
42764,TINIDAZOLE 500MG,NGD,90
37099,TIOTROPIUM TABLETS 18 MCG,CGD,80
10043,TIXYLIX LINCTUS 100ML,OTC,"2,500.00"
32208,TIZANIDINE 2MG,NGD,100
41322,TOBREX  EYE  DROPS,NBD,"8,500.00"
1055,TOFRANIL 10MG,CBD,120
37109,TOFRANIL 25MG TABLETS,CBD,100
37874,TOLNAFTATE  CREAM,NGD,500
37705,TONACT (ATORVASTA  +  FENOFIBRATE),CBD,250
37419,TOPAMAX ( TOPIRAMATE ),CBD,400
36543,TORADOL INJECTION,NBD,525
36660,TORASEMIDE 5MG,CGD,"1,650.00"
43300,TOTAMOL 100MG,CBD,247
42793,TRACRIUM 25MG/2.5ML (1),NBD,88
33582,TRADJENTA,CBD,"1,500.00"
12401,TRAMACET 362.5MG,CBD,225
37683,TRAMADOL DENK TAB,CGD,525
37164,TRAMADOL(TRAMAL) HCL,OTC,80
42795,TRAMAL 50MG CAPS (1),OTC,90
42796,TRAMAL AMPS 100MG/2ML (1),OTC,300
42797,TRAMAL DROPS 10ML,OTC,"5,000.00"
42798,TRAMAL SUPP 100MG (1),OTC,"1,650.00"
42799,TRANDATE AMPS 20ML (5),CBD,"5,500.00"
37257,TRANEXAMIC ACID IV 500MG,OTC,"50,840.00"
35404,TRANSACT PATCHES,NBD,"1,600.00"
18141,TRAVOCORT CREAM,NBD,"5,000.00"
42734,TRAVOGEN CREAM 20GM,NBD,"5,000.00"
37088,TRENTAL 400MG,NBD,"1,600.00"
42804,TREPILINE TABS 10MG (1),CBD,100
42805,TREPILINE TABS 25MG (1),CBD,150
36048,TRETINON (RETIN -A) CREAM,NBD,"14,000.00"
37725,TRI- PLEN ( RIMAPRIL & FE,CBD,750
42284,TRIAMCINOLONE PER VIAL,NGD,2500.00
36568,TRIAMINIC SYRUP,OTC,"2,500.00"
40014,TRIAPIN ( FELODIPINE & RA,CBD,750
36499,TRIFLUOPERAZINE 5MG,NGD,825
36779,TRIMCINOLONE GEL (TESS),CGD,"1,700.00"
36426,TRIMCINOLONE GEL (TESS),CGD,"1,700.00"
37793,TRIMETHOPRIM 200MG,NGD,190
43308,TRIOMUNE,NPD,500
36636,TRIPLEN FORTE TABS (RAMIPRIL + ),CBD,750
38510,TRIPRIDE,CBD,"1,500.00"
36468,TRIPRIDE 2 MG TAB,CGD,200
37867,TRISEQUENS,CBD,350
18057,TRITACE 10MG,CBD,"1,200.00"
20201,TRODERM CREAM,NBD,"2,900.00"
36855,TROPONIN,CBD,"56,500.00"
37773,TRUSOPT EYE DROPS 2.5ML,CBD,"9,500.00"
36579,TRYPTANOL (TRYPTAZOLE) 75,CBD,365
1026,TRYPTANOL SYRUP 100ML,CBD,"2,500.00"
41133,TURBOVAS 10MG,CGD,"2,300.00"
41133,TURBOVAS 20MG,CGD,"2,900.00"
37427,TYPHOID VACCINE 0.5ML,VAC,"56,500.00"
35301,ULGEL SUSPENSION ,OTC,650
37108,ULSANIC 1G,OTC,100
42819,ULSANIC SUSP (100),OTC,365
43209,URAZIDE 50MG,CBD,30
36853,URBASON CREAM,NBD,60
35409,URIMAX 0.4MG,CBD,330
41162,VAGID - CL,NBD,"2,160.00"
37154,VAGID CL( CLINDAMYCIN & CLOTRIMAZOLE ),NBD,"1,800.00"
37043,VAGIFEM,CBD,"9,900.00"
2149,VALIUM  2MG,NBD,30
2144,VALIUM  INJ 2ML,NBD,500
2149,VALIUM 10MG,NBD,80
37113,VALIUM 5MG,NBD,80
11617,VALIUM 5MG,CBD,30
2145,VALIUM SYRUP 1OOML,NBD,"2,500.00"
42843,VALOID AMPS 50MG (1),NPD,100
42844,VALOID SUPP ADULT 100MG,NPD,250
42846,VALOID SUPP PAED 50MG (6),NPD,460
2233,VALORON CAPS,NBD,72
42847,VALORON DROPS 50MG/0.5ML,NBD,"8,800.00"
37920,VALSARTAN (DIOVAN) 40MG,CBD,770
37020,VALUS(ACELOFENAC + PARACETAMOL),NBD,65
40044,VANCOMYCIN 500MG INJ,NGD,"8,000.00"
37754,VENLOR 150MG,CBD,800
36795,VENOFER INFUSION,CBD,"1,760.00"
2237,VENORALBINE 10MG (VIAL),CBD,"6,000.00"
11617,VENTEZE INHALER COMPLETE (1),CBD,"2,000.00"
42869,VENTEZE SYRUP (100),CBD,"1,600.00"
42870,VENTEZE TABS 2MG (1),CBD,50
10006,VENTOLIN 4MG,CBD,25
8039,VENTOLIN INJ 1ML,CBD,"2,420.00"
37805,VENTOLIN NEBULES 5,CBD,300
11646,VENTOLIN RESP' SOLUTION-2,CBD,420
1007,VENTOLIN SYRUP 150ML,CBD,"2,200.00"
8042,VENTOLIN TABLETS 2MG,CBD,20
43018,VERAHEXAL 240MG,CBD,380
43086,VERAPAMIL 40MG,CGD,40
42873,VERAPAMIL HCL 240MG,CGD,250
37123,VERMOX 100MG TABLETS 2,NBD,35
12020,VERMOX SUSPENSION 100MG/5,NBD,"1,000.00"
11039,VERTEX 10MG,CBD,75
35952,VESICARE  5MG,CBD,800
20165,VIBRAMYCIN 100MG,NBD,"1,100.00"
42876,VIBROCIL NASAL DROPS,NBD,"1,815.00"
43132,VIBROCIL NASAL SPRAY,NBD,"10,340.00"
37421,VIFEX  SYRUP,OTC,"1,000.00"
37582,VIGAMOX EYE DROPS,CBD,"9,400.00"
37511,VIGORIX SUSPENSION,OTC,500
37125,VIMINOVA SYRUP,NPD,"1,800.00"
37126,VIMINOVA TABLETS,NPD,95
43309,VINBLASTINE SULPHATE INJECTION,CGD,"13,600.00"
37129,VINCRISTINE 1MG INJ,CBD,"1,200.00"
37168,VINCRISTINE INJ 2MG (ONCOVIN),CBD,"1,800.00"
37051,VIOXX  25MG,CBD,250
42878,VIROGERM (5000)(1),NBD,45
42880,"VITAMIN A 200,000IU",NGD,35
42881,VITAMIN A 50000 IU,NGD,250
42882,VITAMIN A CAPSULES 10.000,NGD,40
42883,VITAMIN B CO 10ML (1),NGD,11
42884,VITAMIN B CO AMPS 2ML (1),NGD,"1,000.00"
36056,VITAMIN B COMPLEX SUSPENS,NGD,475
22067,VITAMIN B COMPLEX TABS (B,NGD,10
36611,VITAMIN B DENK,NGD,65
42903,VITAMIN B TABLETS,NGD,10
42886,VITAMIN B12 AMP 1000 UG/M,NGD,"1,500.00"
22023,VITAMIN C 100MG TABLETS,NPD,55
42889,VITAMIN E 200MG,NPD,65
42890,VITAMIN E 400MG,NPD,275
42891,VITAMIN K 1 MG AMP,NGD,"2,500.00"
41586,VIVIDRINE EYE DROPS,NBD,"1,900.00"
42840,VOGLIBOSE 0.3 MG,CBD,250
42840,VOLIX,CBD,250
37146,VOLMAX 4MG TABLETS,CBD,500
3022,VOLTAREN 25MG,NBD,150
3018,VOLTAREN 50MG,SPE,200
36586,VOLTAREN EMULGEL 100G,SPE,"7,500.00"
42893,VOLTAREN EMULGEL 20G (1),SPE,"3,500.00"
3062,VOLTAREN INJECTION 3ML,SPE,600
3019,VOLTAREN RETARD 100MG,SPE,350
42894,VOLTAREN SUPP 12.5MG (1),SPE,55
11299,VOLTAREN SUPPOSITORIES 50,SPE,50
42895,VOLTAREN SUPPOSITORY 100M,SPE,100
8038,WARFARIN CAPS 5MG,CGD,150
42904,WATER FOR INJECTION 10ML (1),NGD,100
36212,WELLBUTRIN SR,CBD,600
36590,WHITEFIELD OINTMENT 50G,NGD,400
36402,XALATAN  EYE  DROPS,CBD,"18,000.00"
38516,XANOR 0.5MG,CBD,240
37153,XANOR 1 MG,CBD,360
38518,XANOR SR 1MG,CBD,400
15920,XATRAL 10MG,CBD,"1,000.00"
24023,XELODA 2.5MG,CBD,300
36039,XENICAL 500MG,NPD,300
38517,X-PREP LIQUID,NBD,"7,000.00"
42918,X-PREP LIQUID (71),NBD,950
42920,XYLOCAINE SPRAY 80G (1),NGD,"18,498.00"
36120,XYLOMET HCL,NGD,152
36079,XYLOMETAZOLINE HCL DROPS,NGD,300
42927,XYLOPROCT OINTMENT,NGD,"3,500.00"
42922,XYLOTOX 2% E80 C ADRENALI,NBD,"5,000.00"
42923,XYLOTOX 2% SE PLAIN AMP 1,NBD,"5,000.00"
37417,XYZAL  ( LEVOCETIRIZINE ) 2.5MG,CBD,600
22027,YAZ,CBD,500
37156,ZADITEN 1MG CAPSULES,CBD,450
15826,ZADITEN EYE DROPS,CBD,"4,950.00"
37155,ZADITEN SYRUP 200ML,CBD,"8,800.00"
36489,ZAMANON 100MG ( DOLASETRO,CBD,750
36489,ZAMANON 100MG INJ,CBD,"28,500.00"
38511,ZANIDIP 10MG,CBD,460
37159,ZANTAC 150MG TABLETS,oCBD,660
41157,ZANTAC 300MG TABS,CBD,825
37145,ZEET COUGH SYRUP,OTC,"1,200.00"
36990,ZELITREX  HCL,NBD,"1,650.00"
12025,ZENTEL SUSPENSION 10MG/5M,NBD,"2,200.00"
12024,ZENTEL TABLETS 200MG,NBD,"1,800.00"
42929,ZENTEL TABS  400MG,NBD,"4,000.00"
41864,ZERODAL 100MG,NBD,35
43302,ZESTORETIC 20MG,CBD,300
36591,ZESTRIL 10MG TABLETS,CBD,150
43080,ZESTRIL 20MG,CBD,250
43079,ZESTRIL 5MG,CBD,100
11032,ZIAK 2.5MG,CBD,600
42932,ZINACEF VIALS 750MG (1),NBD,"6,500.00"
42936,ZINC OXIDE PASTE 28G,NGD,"1,500.00"
42938,ZINC SULPHATE EYE DROPS,NBD,"1,100.00"
37058,ZINC SULPHATE TABLETS,NPD,250
36839,ZINERYT  ACNE LOTION,NBD,"3,300.00"
36594,ZINNAT 125MG TABLETS,NBD,300
37163,ZINNAT 125MG/5ML SUSPENSI,NBD,"6,500.00"
36592,ZINNAT 500MG TABLETS,NBD,"1,500.00"
42939,ZINNAT TABLETS 250MG,NBD,"1,100.00"
20128,ZINOLOL SHAMPOO,NBD,"7,000.00"
13144,ZIRTEC  SUSPENSION,CBD,"11,000.00"
13141,ZIRTEC 10MG,CBD,275
37734,ZOCOR 10MG,CBD,200
40024,ZOCOR 20MG,CBD,275
36597,ZOFRAN (Ondancetron) 4MG INJ,CBD,800
37927,ZOFRAN 8MG,CBD,"1,260.00"
37735,ZOLADEX 10.8MG,CBD,"290,000.00"
37814,ZOLADEX 3.6MG,CBD,"140,000.00"
36598,ZOLCER 20MG,CBD,175
11023,ZOLDIPAM 10MG,CGD,175
37744,ZOLDONAT 4MG,CBD,"1,000.00"
40019,ZOLOFT 50MG,CBD,950
37884,ZOLPIDERM 10MG,CGD,450
36429,ZOMETA (ZOLEDRONIC ACID) 4MG VIAL,CBD,"67,500.00"
37840,ZOPICLONE 3.75MG,CBD,200
11034,ZORAK 0.05 GEL,NBD,"5,500.00"
36608,ZOVIRAX 200MG TABLETS,NBD,500
36708,ZOVIRAX CREAM 10G,NBD,"6,500.00"
36596,ZOVIRAX CREAM 20G,NBD,"6,800.00"
36606,ZOVIRAX E 5% OINTMENT 4.5,NBD,"6,500.00"
37096,ZYBAN TABLETS,CBD,600
2350,ZYLOPRIM 100MG,CBD,175
3056,ZYLOPRIM 300MG,CBD,220