10512,4cs Cough Mixture,OTC,3600
36471,5-Fluoro-Uracyl 500mg/10ml,CBD,4500
36844,Abilify  5mg ,CBD,2875
37747,Acarbose 25mg,CBD,216
36500,Accu-Check Active,CBD,16500
36058,Accu-Check Perfoma,CBD,19500
37688,Accu-Check(One Touch/Ultra Strips),CBD,22500
37177,Accu-Check(Sd Check Strips),CBD,14500
36564,Accular Eye Drops,CBD,20844
36600,Accupril 10mg ,CBD,540
37712,Accupril 20mg,CBD,800
43144,Accupril 40mg,CBD,995
41209,Accupril 5mg ,CBD,431
43097,Accuretic 20mg,CBD,1007
37719,Accutane 0.5mg,CBD,863
41982,Accutrend Cholesterol Test Strips,CBD,50312
41442,Acelofenac   100mg,NBD,150
2244,Acelofenac + Paracetamol,OTC,80
2245,Acenac-P (Aceclo+ Para),OTC,40.5
2246,Acepar MR,OTC,180
36801,Acepar Original ,OTC,70
42918,Acepar plus ,OTC,200
2247,Acepar SP,OTC,180
8025,Acetaminophen  Tabs 10mg,NGD,32
36142,Acetazolamide Tablets 250mg,CGD,200
37868,Aclasta 5mg/ 100ml,CBD,120000
36144,Acne Clear,NBD,5500
2002,Acnesol tretinoin,NBD,15000
41015,Acnidazil(Miconazole 2% C,NBD,12500
10094,Actifed Compound Linctus,NPD,0
41019,Actifed Syrup 100ml,NPD,0
16047,Actifed Tablets,NPD,0
36604,Actified Dm Linctus,NPD,0
36764,Activelle,CBD,720
36529,Actonel 25mg (Risedronate,CBD,10700
43326,Actos Pioglitazone Hcl 15,CBD,1150
36147,Actraphane Hmge Insulin 10ml,CBD,25000
36146,Actraphane Pentils 5x3ml Insulin ,CBD,55000
36148,Actrapid Insulin 10ml,CBD,25000
37872,Acular Eye  Drops,CBD,17500
36605,Acyclovir 200mg Tablets,NGD,50
16014,Acyclovir 400mg,NGD,180
37171,Acyclovir Cream 15gm,NGD,1000
41093,Acyclovir Denk 200mg,NGD,320
36419,Acyclovir Eye Ointment,NGD,3000
42903,Acyclovir Injection ,NBD,8000
7089,Adalat 10mg,CBD,865
37644,Adalat 30mg,CBD,1150
36610,Adalat 5mg Capsules,CBD,555
37243,Adalat 60mg,CBD,1295
41023,Adalat Retard 20mg,CBD,1000
36880,Adapalene Gel (Deriva),CBD,6500
2344,Adenosine 2ml injection,NGD,3750
5144,Adrenalin Injection,NGD,3900
41029,Adriblastine 10mg,CBD,855
41112,Adriblastine 50mg Injecti,CBD,24437
36774,Advantan Cream,CBD,20125
11122,Agarol Suspension 200ml,NPD,0
43017,Akineton,CBD,250
41046,Akineton Amp 5mg 1ml (1),NBD,4600
37608,Alacetan  16mg,OTC,390
36120,Alaxin Plus,NBD,350
41077,Alaxin Suspension,NBD,2600
12306,Alaxin Tablets,NBD,1250
37174,Albendazole,NGD,145
37202,Albendazole Syrup 5ml,NGD,750
1008,Albusol IV infunsion,CBD,85000
36446,Alchera 7.5mg,CBD,300
36150,Aldactide Tabs 25mg,CBD,250
36151,Aldactide Tabs 50mg,CBD,300
36607,Aldactone 100mg Tablets,CBD,800
35417,Aldara Cream,SPE,79100
7030,Aldomet 250mg,CBD,185
7031,Aldomet Tabs 500mg,CBD,460
2369,Alendronate       35 Mgs,CGD,1500
36981,Alendronic Sodium 70mg(Fosamex) Tabs,CGD,3000
37622,Aleve (Naproxen),NBD,290
41064,Alfuzosin Hcl 10mg,CGD,400
42318,Allegra 30mg ( Fexofenadine 180 Mg),CBD,450
36615,Allergon 25g Cream,NGD,865
41065,Alloferin Amp 10mg 2ml (1,NBD,2700
37208,Allopurinol 100mg,CGD,145
40005,Allopurinol 150mg,CGD,260
37717,Allopurinol 300mg,CGD,300
37853,Almogran    12.5mg,CBD,105
41782,Alomide 10ml,CBD,16530
2222,Alpha One Tablets,CBD,1200
36553,Alphagan Eye Drops,CBD,20500
36620,Alphosyl Cream,NGD,1295
43114,Alprazolam 1mg,CGD,200
2334,Altacef 250mg,NBD,450
2335,Altacef 500mg,NBD,700
37098,Altacef Syrup,NBD,4500
11077,Altacite Tabs,NPD,0
32204,Altosec ,CBD,750
36616,Aluminium Hydroxide Susp,OTC,550
10116,Alupent Tablets,CBD,115
37726,Alvesco Inhaler,CBD,24450
41067,Alvityl Syrup,NPD,0
41068,Alvityl Tablets,NPD,0
36971,Amantadine Hcl 100mg,CGD,720
41071,Amaryl 1mg,CBD,575
43089,Amaryl 2mg,CBD,700
36988,Amaryl 4mg,CBD,1200
11964,Ambral Suspension 100mg,NBD,1200
11968,Ambroxol Tab,NBD,210
37032,Amethocaine Hcl Cream,NBD,3500
41069,Amikacine (250mg)/Vial,NGD,41500
41070,Amikin Vial 100mg 2ml (1),NBD,21500
37756,Amilopres ( Amlodipine 5m,CBD,115
37094,Amilopress(Amlodipine & Atenol),CBD,255
40026,Amiloride Hydrochloride,CGD,50
41072,Aminophilline Tab 100mg,CGD,21
41074,Aminophylline Iv Injectio,CGD,300
41075,Aminosteril 500ml Infusio,NBD,2965
43088,Amiodarone 200mg,CGD,550
12414,Amiodarone Hydrochloride,CGD,500
41165,Amitone Syrup,OTC,2000
41031,Amitone Tablets,OTC,145
43315,Amitriptylline 25mg,NGD,20
10075,Amlo Denk 10 Mg,CBD,296
43128,Amlo Denk 5 Mg,CBD,162
37014,Amloc 10mg,CBD,350
37015,Amloc 5mg,CBD,200
43126,Amlodipine 10mg,CGD,80
37199,Amlodipine 5mg,CGD,40
36593,Amlomide Eye Drop,NGD,1450
37802,Amlopress At Tab,CBD,260
36288,Amlozaar Plus Hct Tab,CBD,450
36285,Amlozaar Tab,CBD,400
41078,Amodiaquine 200mg Tabs (1,NGD,300
41079,Amoxycillin  500mg,NGD,50
36629,Amoxycillin 125mg/5ml  10,NGD,750
20137,Amoxyl 250mg,NGD,40
2003,Amoxylclave Denk 1000/125,NBD,1035
2004,Amoxylclave Denk 500/62.5,NBD,472.5
36154,Amphogel Suspension 250ml,NPD,0
37166,Amphotericin B Injection 10mg,SPE,172500
37167,Amphotericin B Tablets,SPE,5200
2238,Ampicillin 1g + Salbactum injection,NBD,1476
41084,Ampicillin 1g Vial (1),NGD,800
36156,Ampicillin 250mg,NGD,50
36480,Ampicillin Suspension,NGD,1000
36626,Ampiclox 250mg/5ml Syrup,NGD,1900
36158,Ampiclox 500mg,NGD,180
41086,Ampiclox 500mg Amps (1),NGD,560
36688,Anastrozole Tabs,CGD,1200
2035,Androcur 50mg,CBD,1800
41099,Anethaine Cream 25g (1),OTC,3200
2370,Anethaine Oitment 25g,OTC,3300
41100,Anexate Amp 0.5mg 5ml (1),SPE,29000
37769,Angeliq 0.5mg,CBD,850
41101,Angised 0.5mg (Glyceryl T,CBD,250
41103,Angispray 20ml (1),CBD,24500
36042,Angizaar,CBD,2500
37720,Anomex Suppositories,NBD,4200
36819,Antagit Ds Gel,OTC,1200
43112,Antalgin Syrup,OTC,1800
23006,Anthisan 50mg Tablets 100,NGD,50
23002,Anthisan Cream,NBD,3500
41104,Anti-D Rhesugam Im,SPE,80000
41107,Antiflam Tabs 200mg,NGD,20
36049,Antihistamine Cream,NBD,750
30001,Anti-Snake Venom Serum,NGD,30000
15006,Antistin Privine Ophth. Drops 10ml,NBD,3100
36469,Anusol Cream,NGD,6300
11125,Anusol H.C. Suppositories,NGD,7900
41110,Anusol Oint 25g (1),NGD,6300
11127,Anusol Suppositories (Pac,NGD,6300
6012,Apidra Injection,CBD,65000
37619,Aprazolam Img,CGD,216
36638,Apresoline 25mg,CBD,240
36167,Aprinox (Bendrofluazide),CBD,185
37142,Aprovel 300mg,CBD,1100
36644,Aqueous Nasal Spray,NPD,0
36169,Aralen Tabs 250mg,NBD,17.25
5110,Arava 100mg,CBD,3000
41123,Arbitel Am,CBD,300
41126,Arbitel Av,CBD,350
42271,Arbitel Av,CBD,350
36289,Arbitel H Tab (Telmisartan + Hct),CBD,350
11096,Arbitel40 Mg Tab,CBD,350
11004,Arcoxia  120mg Tablets ,CBD,1750
32202,Arcoxia 90mg,CBD,1150
41117,Argyrol 1 %,NPD,0
37804,Aricept ( Donepezil),CBD,2050
42871,Arimidex  Img,CBD,4500
41865,Aripiprazole,CGD,45
10002,Aropax (Paroxetine( 20mg),CBD,1200
41118,Artane 5mg (1),CBD,300
12302,Artemeter (Artesiane),NBD,1150
12310,Artemether  Suppository,NBD,500
36083,Artemether Injection,NBD,1800
12303,Artesiane Suppository Gel,NBD,750
36273,Artesum 120mg Injection,NBD,3924
12380,Artesun 30mg Injection,NBD,1566
12381,Artesun 60mg Injection,NBD,2340
2346,Arthrexin Caps 25mg,OTC,70
36171,Arthrexin Caps 50mg  ,OTC,145
41120,Arthrexin Supp 100mg ,OTC,120
38501,Arthrotec  25mg,NBD,150
37825,Artificial Tears,NBD,9950
16030,Asacol 400mg,CBD,700
36404,Asacol 800 Mg Tab(Mesacol Generic),CBD,1200
36173,Asclor Ear Drops  5ml,NBD,500
36174,Asclor Eye Oit 3.5g,NGD,300
36175,Asclor Skin Oit 15g,NBD,1150
41122,Ascobic Acid 100mg,NPD,0
40022,Ascoril Syrup,NPD,0
44024,Asem 25mg,CGD,196
37701,Asomex 2.5mg,CBD,150
37702,Asomex 5mg,CBD,200
36782,Asomex Lt,CBD,150
41137,Aspirin 300mg Tabs,OTC,20
41135,Aspirin Junior,OTC,40
37143,Aspovor (Atorvastatin)  20mg,CBD,250
41667,Astemizole 10mg,NGD,15
41007,Asthalin Inhaler,CGD,2500
41158,Asthalin Resp Solution 2.5ml,CGD,1500
2005,Asudenk FDC,NBD,1962
20140,Asunate Denk Adult 6s,NGD,6950
41082,Asunate Denk Junior 6s,NGD,2900
37627,Atacand (Candesartan) 16 Mg,CBD,1000
37921,Atacand 8mg,CBD,1000
14350,Atacand Plus,CBD,1075
36184,Atenolol 25mg,CGD,50
41025,Atenolol Denk 50mg,CBD,150
36186,Atenolol Tablets 50mg,CGD,70
36185,Atenolol Tabs 100mg,CGD,120
41142,Aterax Tabs 25mg (1),NBD,250
36648,Ativan 1mg,CBD,300
36183,Atorlip (Atovastatin) 10mg,CGD,150
34111,Atorvastatin 10 Mg,CGD,150
37716,Atorvastatin 20mg,CGD,250
36537,Atorvastatin 5mg,CGD,80
41144,Atropine Amp 0.5mg/Ml,NGD,600
36649,Atropine Eye Drops 10ml,NGD,1500
41146,Atrovent 40 Metered Dose Inhaler,CBD,16500
41147,Atrovent Inhalant Solution ,CBD,14500
43304,Atrovent Inhaler,CBD,16500
36650,Augmentin 375mg,NBD,700
36240,Augmentin 625mg,NBD,1200
41152,Augmentin Iv Vials 1.2g (,NBD,3500
36187,Augmentin Syrup 100ml,NBD,7500
36200,Augpen 625 Mg,NBD,400
36208,Augpen Syrup 100ml,NBD,4000
37048,Austell(Cetrizine),CBD,120
36911,Avalide 12.5mg,OTC,1300
37607,Avalox 250mg,NBD,200
37624,Avamys Nasal Spray,CBD,9500
36870,Avelon 400mg,NBD,4500
36955,Avelon 5mg,NBD,1300
15922,Avodart (Dutasteride) 0.5mg,CBD,1600
5039,Avomine 25mg ,NBD,720
12382,Azarga Eye Drops ,CBD,25000
37011,Azathioprine 50mg,CGD,450
36820,Azithromycin 250mg,NGD,350
32605,Azithromycin 500mg,NBD,850
36821,Azithromycin Suspension,NGD,1800
42896,Baclofen 5mg,CGD,500
36155,Bacquire (Emepenem& Cilastatin inj),NBD,21978
32607,Bactoclav 1G,NBD,476
36189,Bactrazine Cream 50g,NBD,4000
36653,Bactrim  480mg,NBD,500
41161,Bactrim Amp For Infusion,NBD,5250
20175,Bactrim Syrup 240mg/5ml,NBD,4300
36224,Bactroban 2% Nasal Oit,NBD,7910
36191,Bactroban Oit/Cream,NBD,5500
5041,Banisyl 25mg,NBD,7540
36059,Barotec  Syrup,CBD,7800
38513,Bayer Aspirin  100mg,CBD,156
12383,Beclate Inhaler  200 Inhaler ,CBD,15000
36068,Beclate Inhaler 100mcg,CBD,12500
36663,Beclate Inhaler 50mcg,CBD,8500
36192,Becloforte Inhaler 200dos,CBD,9000
41170,Beclometasone Inhaler,CGD,4500
41177,Beclomethasone  Nasal  Sp,CGD,9000
37179,Beclomin Cream,NBD,500
43314,Beclosone Cream,NBD,575
41171,Beconase Aqueous Nasal Sp,CBD,9600
16071,Beconase Inhaler [Aqueous,CBD,6000
36193,Beconase Nasal Spray 200,CBD,6500
41172,Becotide Inhaler (Beclome,CBD,8500
21009,Becotide Inhaler 200dos,CBD,14500
5075,Benadryl  Caps 25mg,NBD,500
5074,Benadryl Elixir 100ml,OTC,1500
36655,Bendrofluazide 5mg,CGD,80
10059,Benylin  Expectamine 100ml,NPD,0
10058,Benylin  For Flu 200ml,NPD,0
10042,Benylin  For Flu Tablets,NPD,0
10057,Benylin Expectorant 100ml,NPD,0
10055,Benylin With Codeine 100m,NPD,0
30754,Benzac Gel 15g,NBD,5500
10605,Benzac Gel 40g,NBD,14500
36658,Benzathine Penicillin Inj,NBD,650
12123,Benzhexol Hydrochloride 5,CGD,300
13078,Benzoyl Peroxide (Panoxyl,NGD,4500
41176,Benzoyl Peroxide Lotion(O,NGD,7200
13077,Benzyl Benzoate Application B. P.,NGD,1800
36661,Benzyl Penicillin Injection 5mega,NGD,650
36246,Bepanthene Cream,NBD,5000
36662,Beramin Syrup 100ml,OTC,1500
22090,Berocca Efferversent Tabl,NPD,0
41179,Berotec 100 Aerosol Comp,CBD,14500
10500,Berotec Aerosol (Complete,CBD,1050
41180,Berotec Inhalant Soln 0.1,CBD,1725
5067,Berotec Syrup 100mcg,CBD,12500
37855,Betacor Cream,NBD,800
37856,Betacor-S Cream,NBD,900
32606,Betaform 1g,NBD,150
43205,Betagon Eye Drops 0.5%,CBD,16500
36197,Betahistine Dhcl 8mg,CGD,400
10054,Betalin Cough Syrup,OTC,1500
41188,Betamethasone Eye/Ear/Nose Drops,NGD,800
41189,Betamethasone Topical Cre,NGD,600
41190,Betamethasone Topical Oin,NGD,650
41192,Betamethasone With Neomyc,NGD,1800
37071,Betapyn Tablets,OTC,80
41193,Betnesol And Neomycin Eye,NBD,900
36670,"Betnesol Eye,Ear & Nasal",SPE,14500
15016,Betnesol -N- Eye & Ear  Drops 10ml,SPE,22500
36673,"Betnesol 'N' Eye, Ear & N",SPE,14500
12367,Betnovate 'C' Cream 15g,NBD,4500
13018,Betnovate C Cream 30g,NBD,4500
12368,Betnovate 'C' Oitment 15g,NBD,4500
36675,Betnovate 'C'ointment 30g,NBD,4500
36676,Betnovate Cream 30g,NBD,6500
13019,Betnovate N Cream 15g,NBD,4500
36679,Betnovate 'N' Cream 30g,NBD,6500
12370,Betnovate 'N' Ointment 15,NBD,4500
12373,Betnovate Ointment 15g,NBD,4500
13024,Betnovate Scalp Applicati,NBD,12500
36680,Bevidixine Forte Tablets,NBD,300
42940,Bextra Tabs,NBD,940
36203,Bezalip Tablets,CBD,1100
32610,BG  Glutamine Tablet,OTC,50
37746,Bicatero 50mg (Bicalutamide),CBD,1500
12026,Bilarcil Tablets 100mg,NBD,1200
12022,Biltricide Tablets 600mg,SPE,5000
36681,Bioplus 200mls,NPD,0
36682,Bioplus Aferverscent Tabl,NPD,0
36204,Bioral Gel 5g,NBD,4300
37092,Biotane Solution,NBD,9775
15007,Biotet Eye Ointment 3.5g,NPD,0
41202,Bisacodyl Tablet 5 Mg (Oralax),NPD,0
36684,Bisolvon 8 Tablets,NPD,0
41203,Bisolvon Syrup 0.2%,NPD,0
10503,Bisolvon Tablets 4mg,NPD,0
22025,Bisoprolol 10mg,CGD,350
11149,Bisoprolol 5mg,CGD,200
41205,Bleomycin  I.V/I.M 15mg Injection,CGD,18000
5065,Blocadren 10mg,CBD,290
44026,Bonair (Salbutamol) Inhaler,CGD,2295
36206,Borax Powder 100g,NPD,0
36202,Bosentan 62.5mg Tabs (Bosentas),CBD,3500
35407,Brexecam 25mg,NBD,600
36359,Brimonidine (Alphagan ) Eye Drop,CGD,7500
36689,Brinerdine Tablets,CBD,900
12151,Bromazepam 3mg,CGD,150
12152,Bromazepam 6mg,CGD,200
41217,Bromhexine Tab 8mg,NPD,0
37715,Bromocriptine 2.5mg,CGD,600
41218,Bronchalene Syrup(Infants,NPD,0
10011,Bronchalix Cough Syrup 10,OTC,1430
41220,Bronchette Syrup (100),OTC,1725
36690,Bronchomint Syrup 60ml,NPD,0
37256,Broncleer ( Adult),OTC,2500
18142,Broncoped Syrup,OTC,2500
41221,Bronkalene Syrup(Adult),NPD,0
41222,Bronkese Co Linctus (1),NPD,0
36328,Brufen 200mg,OTC,15
2313,Brufen 400mg,OTC,30
36692,Brufen Syrup 100mls,OTC,900
12347,Brustan,OTC,80
41121,Budeflam Inhaler,CBD,18500
36999,Bumetanide 1mg,CBD,800
43125,Bupivacaine With Dextrose 0.05%,NBD,1200
41228,Buscopan Co Amp 5ml (1),NBD,8500
41229,Buscopan Syrup 0.1% (1),NBD,6500
36694,Buscopan Tablets 10mg,NBD,600
36696,Butazolidine 200mg,NBD,750
2320,Butazolidine Inj 600mg/Ml,NBD,1100
36698,Butrex,NBD,650
36699,Butrex Injection 200mg,NBD,1200
37614,Byetta Pen-Set 10mcg,CBD,65000
37087,Byetta Pen-Set 5mcg,CBD,35000
37110,Cabiven I.V 2553 Mls,CBD,3593.75
37189,Caduet,CBD,750
7056,Cafergot Suppositories,CBD,1106
36702,Cafergot Tablets,CBD,1800
36703,Caladryl Lotion,NBD,3600
13079,Calamine Lotion Bp,NGD,900
36210,Calcium,NPD,0
43352,Calcium Active Denk,NPD,0
41238,Calcium Chloride Amp 10%,NPD,0
36209,Calcium Gluconate  500mg,NPD,0
41239,Calcium Gluconate Amp 10%,NPD,0
24012,Calcium Sandos Forte  500 Effervescent,NPD,0
41236,Cal-C-Vita Sandoz,NPD,0
36704,Calman 2mg,NBD,0
36211,Calpol Syrup 100ml,NPD,0
41325,Caltrate ( Calcium With V,NPD,0
41242,Canalba Topical Cream 20g,NBD,1510
41243,Canalba Vaginal Cream 50g,NBD,1295
3645,Candesartan Cilexetil 2mg,CGD,320
37922,Candid B Cream,NBD,2500
36357,Candid Cream,NBD,2000
20122,Candid Ear Drops,NBD,2500
20125,Candid Eye Drops,NBD,1365
20124,Candid Lotion,NBD,1500
42841,Candid Mouth Paint,NBD,1500
16013,Candid Powder,NBD,1500
20100,Candid Tv Shampoo,NBD,4300
37759,Candid V Gel,NBD,2500
43048,Candid Vaginal Pesseries,NBD,1750
36418,Candiderm Cream,NBD,2400
37826,Canditral Tabs,CBD,650
12354,Canesten Cream 20g,NBD,3735
12355,Canesten Suspension 20ml,NBD,3450
41247,Canstat Cream 15g (1),NBD,2445
37707,Capecitabine 500g  Inj,CGD,15000
13004,Capecitabine 500mg Tabs,CGD,150
7986,Capoten Caps 25mg,CBD,65
36215,Capoten Tabs 50mg,CBD,140
13313,Capsolin Ointment 37g,NBD,965
20019,Capsycline 250mg,NBD,87
37718,Captopril 25mg,CGD,55
43141,Captopril 50mg,CGD,80
36160,Captopril Denk 25mg,CGD,106
37799,Carbamazapine 100mg,CGD,29
40007,Carbamazepine 200mg Tabs,CGD,40
13189,Carbimazole  5mg,CGD,120
12308,Carbonet  Tablets,NBD,87
36163,Carboplastin  150mg Inj,CGD,25660
36858,Carboplastin  450mg Inj,CGD,75900
37858,Carboplatin  50mg Inj,CGD,21000
36401,Cardilate  10mg,CBD,258
43039,Cardioace Capsules,CBD,520
41251,Cardura 4mg ,CBD,750
37815,Cardura 8mg,CBD,900
35981,Carloc 12.5mg,CBD,215.65
35403,Carloc 6.25mg,CBD,173
41134,Cartinex  500,CBD,1655
37843,Carvedi Denk 25 Mg ,CBD,258
37850,Carvedi Denk 6.25 Mg ,CBD,234
37645,Carvedilol  6.25mg,CGD,90
36451,Carvedilol 12.5mg,CGD,90
43321,Carvedilol 25mg,CGD,125
35405,Carvedilol 3.125mg,CGD,90
37350,Cascara 5mg,NPD,0
42120,Casodex 50mg Tabs,CBD,1725
36711,Cataflam 50mg Tablets,NBD,350
41252,Catapressan Tablets 0.15m,CBD,3600
35972,Caustic Pencil,NGD,4000
38507,Cebactum ,NGD,4550
36781,Cebactum Iv,NBD,1785
12384,Cebay Syrup,NBD,850
40030,Ceclor 187mg/50ml Suspens,NBD,1725
41255,Cedocard Tablets 10mg (1),CBD,650
41256,Cefacidal 500mg Im/Iv Inj,NBD,800
37049,Cefaclor 250mg,NBD,170
40032,Cefaclor 375mg,NBD,360
37024,Cefaclor 500mg,NBD,540
41257,Cefadroxil 500 Mg Caps,NBD,720
41258,Cefalexin  Syrup 125mg/5m,NGD,1725
37060,Cefalexin 250mg,NGD,100
17100,Cefaporex 200mg,NBD,360
37876,Cefditoren Pivoxil(Spectr,NBD,5000
43344,Cefixim 200mg,NGD,250
43345,Cefixim Syrup,NGD,1170
12385,Cefixime ( C-Tax -T),NBD,575
41259,Cefotaxime Inj 1g,NGD,5035
36218,Cefril Caps 250mg,NBD,1080
36219,Cefril Inj 500mg/Vial,NBD,1500
42317,Ceftriaxone Ig Injection,NGD,1150
32612,Ceftriaxone Inj  (Santriax),NBD,1300
2239,Ceftrisone- S,NBD,2250
41261,Cefuroxime 250mg Tablet,NGD,505
41263,Cefuroxime 500mg,NGD,750
32615,Cefuroxime 500mg (Sanfurox),NBD,550
41262,Cefuroxime Sod 750 Mg Inj,NGD,3500
41139,Cefuroxime Suspension,NGD,3500
41484,Celebrex 200mg,CBD,1150
12348,Celecoxib capsules 200mg (Plenicoxib),NGD,75.1
10506,Celemin 5% 500ml Iv,NPD,0
36496,Celepid 500ml Iv,NPD,0
21227,Celestamine Syrup,NBD,21500
21101,Celestamine Tablets,NBD,600
41264,Celestene Chronodose 1ml,NBD,425
41265,Celestene Oral Drops0.05,NBD,1440
41266,Celestone Nasal Drops(1),NBD,1200
41267,Celestone Soluspan Vial 3,NBD,6000
22134,Cell Cept 500mg,CBD,4300
41174,Cellufresh Eye Drops,CBD,7200
37806,Celluvisc  Eye Drops,CBD,11000
16088,Cepacol Gargle/Mouthwash,NPD,0
10044,Cepacol Linctus 100ml,NPD,0
43310,Cephalexin 500mg,NGD,250
36159,Cerebrex  200mg,CBD,1150
36502,Certican 0.75mg,CBD,7500
37354,Cerumol Ear Drops,NPD,0
41514,Cervarix ,VAC,25000
12386,Cetrimide Cream(Cetavlon),NGD,1725
38521,Cetrizine 10mg,NGD,40
36952,Cetrizine 5mg,NGD,25
37458,Cetrizine Syrup,NGD,720
41278,Charcoal Activated 500g,NGD,150
38506,Chericof Syrup,NPD,0
36719,Chlopromazine Hcl Injecti,NBD,575
36165,Chlorambucil 2.5mg,CBD,130
36168,Chlorambucil 5mg,CBD,260
41279,Chloramine Tablets,NBD,26
36277,Chloramphenicol 250mg,NGD,50
37283,Chloramphenicol Ear Drops,NGD,650
26014,Chloramphenicol Eye Drops,NGD,650
15058,Chloramphenicol Eye Ointment 3.5g,NGD,300
36230,Chloramphenicol Injection,NGD,300
36231,Chloramphenicol Skin Oint,NGD,1000
36226,Chloramphenicol Syrup 100ml,NGD,1365
20074,Chloroquine Diphosphate B. P.,NGD,40
37703,Chlorpheniramine 4mg,NGD,20
2293,Chlorpheniramine Syrup,NGD,600
41288,Chlorpromazine 100mg,CGD,25
41289,Chlorpromazine 50mg/2ml (,CGD,350
36785,Chlotride 25mg,CBD,575
37013,Cholestyramine 4mg  ( Questran),CBD,800
23005,Ciclosporin 75mg,CBD,145
42954,Cifran 250mg (Ciprofloxacin Tab),NBD,72
37004,Cilodex Ear Drops,NBD,19500
41066,Cimetidine 200mg,CGD,40
43061,Cimetidine 400mg,CGD,60
43056,Cimetidine I.V,NGD,865
36223,Cinnarizine 25mg,CGD,87
37456,Cipralex   10mg,CBD,850
37104,Cipramil 20mg,CBD,900
41063,Cipro Denk 500,NBD,529
2006,Cipro Denk 750 ,NBD,882
42885,Ciprobay  Xr Ig Tab,NBD,800
29005,Ciprobid 500mg Tablets,NBD,200
29004,Ciprobiotic Tn Tab,NBD,150
32616,Ciprofloxacin 250MG,NBD,50
29003,Ciprofloxacin 500 Mg ,NGD,80
36295,Ciprofloxacin Eye Drops,NGD,600
37187,Ciprofloxacin Infusion,NGD,3100
14060,Cisplatin 100mg,CGD,11645
36621,Cisplatin 50mg Inj,CGD,9500
13120,Citalopram 20mg,CBD,1100
40008,Citicoline,CBD,575
41300,Citro-Soda,NPD,0
41301,Claforan 500mg Vial,NBD,820
41302,Claforan Vial 1g,NBD,5395
32617,Clamoxin 625,NBD,350
43149,Clarithromycin 250mg,NGD,450
43328,Clarithromycin 500mg,NGD,1000
32604,Clarithromycin Syrup,NGD,3000
43131,Clarityn 10mg,NBD,350
41851,Clavix 75mg Tabs,CBD,300
43123,Clavulin 375mg,NBD,400
42941,Clavulin Susp.100ml,NBD,8500
2007,clean bact ,NBD,630
18140,Clear Cough,OTC,1500
41306,Clemastine Injection,NBD,3250
20603,clenic 100mcg,CBD,27000
20604,clenic 200mcg,CBD,35000
20602,Clenic 50mcg,CBD,16000
13072,Clexane 40mg ( Enoxaparium Sod ),NBD,7500
37523,Climen Tabs,CBD,600
21036,Clindamycin 150mg,NGD,500
36749,Clindamycin 250mg,NGD,900
36756,Clindamycin Gel,NGD,1800
37328,Clobazam,CGD,300
36425,Clobetasol Cream,NBD,800
37742,Clogipedol,CGD,910
36450,Clomid,NBD,250
41308,Clomiphene Citrate  50mg,NGD,130
37325,Clonazepam 2mg Tablets,CGD,450
44001,Clonidine 25mg,CGD,250
41310,Clopamon Amps 10mg 2ml (1,NBD,800
41311,Clopamon Syrup 5mg/5ml (5,NBD,2500
41312,Clopamon Tabs 10mg (1),NBD,100
1009,Clopi denk 75mg,CBD,540
44002,Clopidegrel 75mg (Plavix),CGD,200
32618,Cloronova Ear Drops 5% 10,NBD,2800
36232,Cloronova Ear Drops 5% 10,NPD,0
36889,Clotri Denk 1% Cream,SPE,3000
41047,Clotri Denk Pessaries,SPE,8000
43122,Clotrimazole Cream I%,NGD,1000
2151,Clotrimazole Oral Drops,NGD,1900
36084,Clotrimazole Powder,NGD,2200
37220,Clotrimazole Vaginal Crea,NGD,1900
36078,Clotrimazole Vaginal Pess,NGD,1800
36718,Clotrisan Vaginal Tablets,NBD,1200
43120,Cloxacillin  250mg,NGD,50
41313,Cloxacillin 125mg/5ml,NGD,1250
41240,Cloxacillin 250mg Inj,NGD,300
41314,Cloxacillin Caps 500mg,NBD,100
29009,Cloxacillin Syrup,NGD,1250
37343,Coal Tar Gel,CGD,8500
35982,Co-Approvel 150mg/12.5mg,CBD,900
12304,Co-Arinate,NBD,8700
36622,Coartem Tabs,NBD,2168
37551,Cocodamol,OTC,50
42723,Codeine Phosphate 30mg,NGD,100
41321,Codeine Tablets 10mg,NGD,35
37132,Co-Diovan 160mg,CBD,900
37753,Co-Diovan 80/160mg,CBD,650
11046,Co-ex  Syrup,NPD,0
37640,Cofstop Cough Syrup,NPD,0
36729,Col Caps,NPD,0
2338,Colchicine 0.5 Mg,CGD,650
37136,Cold Caps Syrup,NPD,0
36759,Cold Flu Caps,NPD,0
12305,Coldril  Cough  Syrup,NPD,0
8041,Coldril Capsules,NPD,0
36998,Colic Drops,NPD,0
13227,Colicspam syrup,NBD,3000
36250,Colofac (Mebeverine) Hcl,NBD,450
2125,Colosar Denk 50/12.5 Mg,CBD,290
36107,Colpramine,NPD,0
37827,Combigan eye drops,CBD,30000
41628,Combinase Nasal  Spray  ,CBD,39000
37562,Combivent Nebules,CBD,1200
22049,Combivite Syrup,NPD,0
22050,Combivite Tablets,NPD,0
36268,Co-Micardis 80/ 12.5mg,CBD,800
32619,Comit 100MG,NPD,0
32620,Comit 50MG,NPD,0
32621,Comit Gel,NPD,0
37741,Concor 10mg,CBD,600
13033,Concor 5mg,CBD,400
36237,Contac Capsules 8's,NPD,0
37681,Contour Ts Strips,CBD,16200
36473,Convulex ( Vaproic Acid),CBD,600
17340,Coracten 20mg,CBD,585
38512,Coralan 7.5mg,CBD,1800
41341,Cordarone Tablets 200mg,CBD,900
37857,Corenza C,NPD,0
5099,Corgard 80mg,CBD,30
41342,Correctol Eye Drops,NBD,5200
36717,Coscopin Cough Syrup,NPD,0
36162,Cosopt Eye Drops,CBD,26500
37139,Co-Tareg 80mg,CBD,600
37617,Cotenomel 150mg,CBD,115
41344,Cotexcin Paediatric Suspe,NBD,3500
41345,Cotexcin Powder For Infan,NBD,3500
8040,Cotrimoxazole 480 Mg,NGD,40
36242,Cotrimoxazole Suspension,NGD,950
1010,Covalsar Denk 160/12.5,CBD,430.74
43124,Coversyl 10mg,CBD,800
43320,Coversyl 4mg ,CBD,600
43327,Coversyl Plus Tablets,CBD,800
37851,Covocort,CBD,200
37732,Coxaflam 15mg,NBD,400
37077,Cozaar 100mg,CBD,450
37923,Cozaar 25mg,CBD,200
36054,Cozaar 50mg,CBD,400
40031,Cozaar Compound,CBD,500
36128,Crestor  20mg,CBD,1100
41485,Crestor 10mg,CBD,600
42286,Crestor 40mg,CBD,1300
41024,Crestor 5mg,CBD,500
36333,Cromal(Sodium Cromoglicate),NBD,2000
15822,Cutivate Cream,NBD,3000
43055,Cyanocobalamin 10ml,NGD,2000
36630,Cyclimycin Capsules,NBD,500
41369,Cyclizine Syrup Adco 12.5,NGD,3500
41370,Cyclizine Tabs Adco 50mg,NGD,250
36427,Cyclogest Suppo 200mg,CBD,2100
12350,Cyclokapron (Tranexamic500mg),CBD,700
37711,Cyclokapron Injection,NBD,7000
37848,Cyclopentolate Hcl 0.5/1% Eye Drop,NBD,2300
41371,Cyclophosphamide  50mg/Tab,CGD,350
41372,Cyclophosphamide 500mg I.V,CGD,4500
41373,Cyclophosphamide Inj.1g,CGD,975
41296,Cyclosporin ,NGD,2500
41374,Cyklokapron Amp 0.1g/Ml 5ml (1),NBD,7000
41375,Cyklokapron Tabs 500mg (1),NBD,700
41376,Cyproheptadine Hcl    (Periactin],NBD,90
41384,Cystone Tab,NBD,90
2070,Cytarabine 1g Inj,CBD,32000
41380,Cytotec 200mg 56/60,NBD,600
11611,Dacarbazine 200mg Inj,CGD,18000
2162,Dacarbazine 500mg Inj,CGD,23000
36804,Dacof Dry Cough Syrup, NPD ,0
36805,Dacof Expectorant, NPD ,0
36810,Dacof Mucolytic, NPD ,0
44004,Dacof Paed., NPD ,0
36822,Dacold Caps, NPD ,0
36824,Dacold Syrup, NPD ,0
36103,Dactinomycin 0.5mg,CGD,300
36143,Dactinomycin Injection,CGD,23000
13186,Daktacort Cream 15g,NBD,6500
13192,Daktarin Cream,NBD,3750
41385,Daktarin Lotion,NBD,7200
36743,Daktarin Oral Gel 40g,NBD,12500
36746,Daktarin Powder 20g,NBD,9500
20202,Dalacin  'N' Capsules,NBD,220
41390,Dalacin C Caps 150mg (1),NBD,500
41391,Dalacin C Phosphate Amp 4,NBD,7500
36747,Dalacin Top Solution,SPE,14500
37862,Danazol 200mg,CGD,750
36748,Daonil Tablets,CBD,400
41394,Dapamax 2.5 Mg Tablets,CBD,3250
37055,Dapsone 100mg,CGD,300
36750,Daraclor Syrup,NBD,5031
20210,Daraclor Tablets,NGD,510
36264,D-Artepp 40/320mg 6s Tab,NBD,409.86
36271,D-Artepp 80/640mg 6s Tab,NBD,774
36262,D-Artepp Dispersible 20/160mg 6s Tab,NBD,329.94
41396,Daunorubicin  20mg Inj,CGD,25935
44005,Dawaflox 250mg Capsules, NBD ,100
44006,Dawahist Syrup, NPD ,0
36838,Dazole B Cream, NBD ,950
41403,Decadron Vial 4mg/1ml 2ml,NBD,2156
7021,Declinax  Tabs 25mg,CGD,90
7050,Declinax Tablets 10mg,CBD,288
36249,Decongestant Caps 20's,NBD,200
36753,Deep Freeze Spray,NPD,0
41406,Deep-Heat Ointment(35g),OTC,3500
10018,Deleased  Syrup,NPD,0
20041,Deltaprim,NPD,0
41408,Demazin Syrup 100ml (1),NPD,0
44007,Demona Eye Drops ,NBD,650
32623,Demona N Eye Drop,NBD,400
41417,Depakine 150 Ml(100mg/1.75ml),CBD,260
31779,Deplatt 150mg /75mg,CBD,400
21107,Depo Medrol Injection 1ml,NBD,3500
21109,Depo Medrol Injection 5ml,NBD,5000
18067,Depo Provera Injection 1m,NPD,0
35406,Deriva Cream,CGD,3250
37766,Dermacin Cream,NBD,1200
41040,Dermazine Plus Cream,NBD,1000
13025,Dermovate Cream ,NBD,8500
36762,Dermovate Ointment ,NBD,8500
36482,Deselex  Syrup,CBD,19500
15942,Deselex 10mg,CBD,900
7058,Deseril 1mg,NBD,50
35983,Desferal ( Desferrioxamine 500mg ),NBD,215
2008,Deslora Denk 5,NBD,576
41061,Desloratadine 5mg,NBD,300
37659,Desmopressin 0.1mg,CBD,1040
41393,Detronorm 15mg,CBD,900
15824,Detrusitol (Tolterodine),CBD,1500
37416,Detrusitol 2mg,CBD,1200
36758,Dexacip  Eye Drops,NBD,500
36765,Dexacortin   Drops 5ml,NBD,1300
29008,Dexacortin 5mg Tablets,NBD,200
37423,Dexactic  Eye Drops,NBD,390
32622,Dexamethasone Eye Drop,NBD,500
41420,Dexamethasone Injection 4 Mg/Ml ,NGD,300
41421,Dexamethasone Tabs 0.5mg,NGD,25
36769,Dexone 0.5mg Tablets,NBD,25
15010,Dexone Ear & Eye Drops 5ml,NBD,750
30098,Dexone Eye Drops,NBD,500
21020,Dexone Injection 5ml 5mg/,NGD,500
36252,Dexorphan Linctus 100ml,NPD,0
41422,Dextran 70% In Glucose,NBD,4500
41423,Dextrose  50 % 500ml (1),NBD,2500
41425,Dextrose 10% 1000ml,NBD,2500
36770,Dextrose 5% In Water,NBD,2000
41427,Dextrose 50% 5ml,NBD,1500
41428,Dextrose Amp 50% 20ml (1),NBD,1100
35029,Dextrose Inj 50% In Water,NBD,1100
2001,Df 118 Forte 30mg,NBD,500
36254,Diamicron Tablets 80mg,CBD,316
41433,Diamox 250 Mg (1),CBD,503
13159,Diane Tablets,CBD,750
36294,Diapride 1 Mg Plus Metformin 500 Mg,CGD,200
36292,Diapride 2 Glimepiride,CGD,250
43136,Diazepam 5mg,NGD,25
36627,Diclo Denk 100mg Retard Tab,NBD,158
41085,Diclo Denk 50mg Tab,NBD,85
35979,Diclo Denk Suppo 100mg,NBD,666
2009,Diclo-Denk 100 Rectal ,NBD,666
43111,Diclofenac 100mg,NGD,40
41973,Diclofenac Gel,NGD,1000
36693,Diclofenac Inj 75mg/ 1ml,NGD,200
43130,Diclofenac Inj 75mg/ 3ml,NGD,500
41441,Diclofenac Sod 100mg Supp,NGD,300
36257,Diclofenac Sodium 50mg,NGD,30
10047,Diclopar MR,OTC,144
36256,Diclopar Tabs,OTC,80
37172,Dietene 100mg Capsules,NPD,0
2317,Differim    Gel,SPE,24500
41444,Diflucan 150mg Cap,NBD,9900
36258,Diflucan Capsules 50mg,NBD,4000
38504,Diflunisal 250mg,NBD,2250
37767,Digeplex  500mg (Pancreatin Tab),CBD,300
40010,Digoxin 0.25mg,CGD,100
41445,Digoxin Tablets 0.625mg,CGD,65
13122,Dilatrend 12.5mg,CBD,600
43306,Dilatrend 25 Mg,CBD,600
43042,Dilatrend 6.25 Mg,CBD,600
37926,Diltiazem 180mg,CBD,800
43081,Diltiazem 90mg,CBD,600
11900,Diltigesic 30g gel,CGD,5400
36775,Dimetapp [Paediatric],NPD,0
36475,Dimethidene Nasal Spray,NBD,6500
43116,Diotroxine 100mg,CBD,150
21042,Diovan 160mg,CBD,800
10033,Diovan 80mg,CBD,750
36776,Diphenhydramine Expectora,NPD,0
41449,Diprosalic Cream(Betameth,NBD,4500
41450,Diprosalic Lotion 15ml,NBD,4500
41451,Diprosone Cream 30g(Betam,NBD,13500
36738,Disipal(Orphenadrine Hcl2,CBD,90
36777,Disprin 81mg,OTC,150
36261,Distagesic Tabs ,OTC,70
41456,Dithranol 1% 100gr (1),NBD,1500
37743,Ditropan 5mg,NBD,600
37783,Dobutrex (Tolbutamine),CBD,15000
37160,Docetaxel 120mg Inj,CGD,110500
36338,Docetaxel 80mg Inj,CGD,98000
36771,Dolo Denk 50g,NBD,5100
36878,Domperidone 10mg,CGD,90
36871,Domperidone Oral Drops,NGD,900
37801,Donepezil,CBD,950
41460,Dopamine Inj 200mg/5ml,CGD,3510
43134,Dormicum 15mg,CBD,1300
43133,Dormicum 7.5mg,CBD,1000
41463,Dormicum Inj,CBD,2500
41459,Dormonoct 2mg,CBD,1200
15940,Dorzolamide Hcl Eye Drops,CGD,10400
36671,Dovabet ( Calcipotriol) Cream,CBD,34500
37669,Dovate Cream,NGD,4500
37414,Dovonex 100g Cream,CBD,29500
37346,Dovonex Cream 30g,CBD,9500
1095,Doxazosin 4mg,CGD,200
41136,Doxazosin 8mg,CGD,350
43138,Doxorubicin 10mg Inj,CGD,13500
36096,Doxorubicin 50mg Inj,CGD,19000
37200,Doxycycline 100mg,NGD,40
41479,Drixine Nasal Drops Paed 0.025% ,OTC,4000
41480,Drixine Nasal Spray Adult 0.05% ,OTC,4500
36678,Drogenil ( Flutamide 50mg ),CBD,300
41481,Dulcolax Suppository,NPD,0
36266,Dulcolax Tablets 5mg,NPD,0
36405,Duloxetene ( Cymbalta) 60 Mg,CBD,1800
41343,Duocotexin  40/320mg,NBD,600
37740,Duocotexin ( Child ),NBD,400
37819,Duolin Inhaler,CBD,9500
36595,Duotrav ( Travoprost & Ti,CBD,21000
41483,Duphastone Tab 10mg (Dydrogesterone),CBD,1078
11103,Durogesic 100mcg patches ,SPE,150000
11109,Durogesic 25mcg 5 Patches ,SPE,40000
11102,Durogesic 50mcg 5 patches ,SPE,65000
37527,Duvadilan Retard 40mg,CBD,900
36176,Dynacirc 5mg,CBD,1200
37061,Dynapar 100mg, OTC ,40
36799,Dynapar Qps Spray, OTC ,6500
36850,Dynapayne,OTC,30
35416,Dytor  20mg,CBD,150
2090,Eascof Expectorant 100ml,NPD,0
36705,Ebixa 5mg,CBD,1400
41963,Ecodex Cream,NBD,1200
43305,Ecotrin 81mg,CBD,160
32624,Edoflox Drop,NBD,800
37782,Efaderm Cream,NBD,6000
36447,Efemoline ( Tetrahydrozole Hcl),CBD,15600
36832,Efemoline Eye Drops,CBD,16250
36788,Effersol 50g,CBD,975
41501,Efortil (Etilefrine Chlor,CBD,3500
37127,Efudix Cream,CBD,69000
43015,Elantan(Isosorbide Dinitrate)20mg,CBD,400
43062,Elantan(Isosorbide Dinitrate)50mg,CBD,575
36786,Elidel Cream,CBD,29500
36710,Elocon Cream,NBD,14500
21037,Eltroxin 0.1mg,CBD,150
41510,Eltroxin 50mcg,CBD,100
37190,Elyvate Cream,NBD,800
15840,Emadine   Drops/Ointment,NGD,2340
43317,Emal ( Artemether) 150mg Im,NBD,2340
1011,Enadenk 10,CBD,252
40011,Enalapril 10mg,CGD,50
37723,Enalapril 20mg,CGD,75
41508,Enalapril 5 Mg (1),CGD,50
36282,Enbrel ,CBD,270000
37869,Enderm  Cream,NBD,800
36867,Engerix B Vaccine,VAC,12500
13224,Enhancin 325mg,NBD,420
36490,Enhancin 625mg,NBD,650
13225,Enhancin Suspension,NBD,5000
43313,Ent Nasal Drops,NPD,0
41664,Ent Nasal Spray,NPD,0
2106,Epanutin & Phenobarbitone,CBD,280
2109,Epanutin Caps 100mg,CBD,300
41517,Epanutin Readymixed Paren,CBD,29500
2111,Epanutin Suspension 100ml,CBD,26500
41500,Ephedrex Cough Syrup 100ml,NPD,0
41519,Ephedrine Nasal Drops 20ml (1),NPD,0
37620,Ephedrine Sulphate 30mg/Ml,NPD,0
37835,Epilim 500mg,CBD,900
2256,Epilim Tabs 200mg,CBD,450
36773,Epilium Syrup 100 Mg/Ml,CBD,28500
32207,Epilive 500mg,CBD,600
42582,Epipen ( Adrenaline& Sodi,SPE,89500
43037,Epizon Infant Supp,NPD,0
37873,Epizone Cream,NPD,0
41111,Eplerone 25mg,CBD,9360
2108,Eprex  2000iu (Erythropoeitin),CGD,18000
41507,Eprex 4000iu (Erythropoeitin),CGD,24000
37195,Eprisone   50mg,CBD,1500
41523,Ergometrine Amps 0.2mg (1,NGD,1800
41524,Ergometrine Maleate 0.5mg,NGD,20
37019,Erocort Inhaler ,CBD,2600
36485,Erostin 10 Mg Tab (Ebastine Tab),CGD,300
41526,Erythrocin Iv 1g (1),NGD,5000
36270,Erythromycin   250mg,NGD,70
41528,Erythromycin Caps/Tabs 50omg,NGD,150
41529,Erythromycin Syrup 125mg/,NGD,1500
36793,Erythropoietin 1pen Of 5 (2000 Iu),CBD,9000
37818,Esomeprazole 20mg,CGD,150
15026,Esomeprazole 40mg,CGD,250
36161,Espiride 50mg,CGD,200
36233,Essential Amino Acid Tabs,NPD,0
41531,Estradiol 0.5mg,CGD,307
41515,Estradiol Implant,CGD,2500
36790,Estriol cream 15g,NBD,12500
37885,Estropause 2mg,CGD,550
37877,Estrophen 1mg,CBD,500
41579,Ethamsylate 250mg Inj (1),NBD,3500
2368,Ethylchloride Spray 100g,NPD,0
41059,Etilefrine Chlorhydrate 5mg,CGD,650
36953,Etoposide 100mg Inj,CBD,9500
43137,Etoposide 50mg Tabs,CGD,1500
36841,Etoricoxib 125mg,CBD,450
36278,Eumovate Cream 30g,NBD,4550
12379,Eumovate Ointment 25g,NBD,4550
37816,Euphorbium Nasal Spray,CBD,8580
36281,Eusol Solution,NPD,0
37749,Exforge ( Amlod & Valsatan 80mg),CBD,900
37842,Exocin Eye Drops,NBD,9500
37008,Eyemist Gel,NBD,14500
37524,Ezeterol ( Ezetimide ) 10mg,CBD,1800
36267,Famotidine 20mg,CGD,100
37577,Fansidar 525mg ROCHE,NBD,2000
1012,Febudy 40mg,CBD,340
1013,Febudy 80mg,CBD,500
36601,Febuxostat 40mg,CBD,350
36808,Fefol Capsules,OTC,100
42863,Felodipine 2.5mg,CGD,200
37564,Femara ( Letrozole ),CBD,3500
36929,Femigel 80g,CBD,16500
32626,Fenamax Dt ,OTC,50
32627,Fenamax Spas Tablet,OTC,40
32625,FenamEx 500MG Tablet,NBD,40
22130,Fenamex Spas,OTC,55
32628,Fenamex Susp ,OTC,750
43318,Fenofibrate 200mg,CGD,600
8003,Ferrimed Syrup 100ml,OTC,800
41127,Ferrous Sulphate caps,NGD,25
37829,Fexofenadine Hcl,CGD,300
41852,Fibrotin 160mg ( Fenofibrate ),CGD,450
32629,Fibrotin Tablet,NBD,600
35408,Fibrovas ( Fenofibrote & Atorvastatin 10,CBD,500
37095,Finasten 5mg,CBD,600
20123,Flagyl 200mg Tablets,NBD,100
20118,Flagyl Injection 100ml,NBD,1500
20121,Flagyl Suspension 200mg/5ml,NBD,750
36030,Flammazine Cream,NBD,1200
43025,Flemeze Syrup,NPD,0
36859,Flexon(Orphenadine Citrat,NBD,500
40039,Flixonase Nebules,CBD,21840
40025,Flixonase Spray,CBD,17500
3016,Flixotide 125mcg,CBD,18500
12321,Flixotide 250mcg,CBD,28500
42112,Flomax 400mcg,CBD,1500
17380,Flomist Nasal Spray,CGD,8000
39010,Florinef 0.1mg,CBD,350
38514,Flouracil Ointment 20g,CGD,390
37846,Flourouracil 500mg/10ml,CGD,5525
37120,Flovent Inhaler,CBD,5850
36298,Floxapen Syrup,NBD,4550
36297,Floxapen Tablets,NBD,195
37830,Flucloxacillin  Suspension,NGD,2500
41635,Flucloxacillin 250 Mg(1),NGD,450
41095,Flucona-Denk 100,SPE,846
2014,Flucona-Denk 100,SPE,846
2015,Flucona-Denk 150,NBD,3960
32630,Fluconazole 200MG(Gvs),SPE,100
41140,Fluconazole Denk 150mg,NBD,3960
43113,Fluconazole Infusion,NGD,2500
44008,Fluconzole 200 Mg Tab/Cap,NGD,250
37075,Flucort Gel 15g (Synalar Cream),NBD,15600
36548,Fludara 50mg,CBD,15600
36972,Fludarabine 50mg Injection ,CBD,90000
41638,Fluditec 2% Syrup-Childre,NPD,0
44009,Fluditec Syrup 5%-Adult,NPD,0
36817,Flumel Tablets,NGD,40
44010,Fluoracil 1gm,CGD,5850
36006,Fluoroucil 500mg Inj,CGD,5500
43115,Fluoxetine 20mg,CGD,250
37124,Fluphenazine Injection,CGD,2500
37721,Flupirtine Meleate Capsules,CGD,390
36754,Flurbiprofen (Froben),NGD,65
36585,Fluromethalone (Fml) Eye D,NGD,4312
37141,Flu-Stat Cap,NPD,0
37817,Flu-Stat Syrup,NPD,0
2390,Flustop Capsules,NPD,0
36709,Flutamide 250mg,CGD,500
41874,Flutex Syrup,NPD,0
15040,Fluticasone Propionate,CGD,8000
2249,Foetafine capsules,NPD,0
22051,Folic Acid 5mg Tablets,NGD,20
41081,Fopain Caps,OTC,90
37828,Foracort Inhaler,CBD,12500
41659,Foradil (Formoteril Hcl),OTC,1170
41627,Forair Novolizer,CBD,32500
37100,Forvent Tablets,CBD,1294
11264,Fosamax(Alendronate Sodium),CBD,9000
2137,Fosavance 70mg,CBD,7500
41663,Fragmin Inj 5000i.U. 0.2ml (1),NBD,15000
35989,Frusemide 40mg Tablets,CGD,30
41668,Frusemide Inj 20mg/2ml 2m,CGD,300
2029,Fucidin cream,NGD,12500
32632,Funbact A Cream,NBD,1000
36283,Funbact Cream,NBD,1200
32633,Funbact Intimate Hygien Wash,NPD,0
32636,Funbact Prickly Heat Powder,NPD,0
32637,Funbact Shampoo,NBD,4000
20037,Fungex Jelly 20g,NBD,845
20038,Fungex Powder 50g,NBD,845
36554,Fungizone Tablets,CBD,115
2319,Fusithalmic   Eye    Drop,NBD,8500
3057,Fybogel,NPD,0
32642,G Derm Cream,NBD,900
37709,Gabapentin 100 Mg Cap,CGD,300
44011,Gabapentin 300mg,CGD,450
32640,Gacet Supp 125MG,OTC,100
32641,Gacet Supp 250MG,OTC,130
37775,Galvus 50mg,CBD,500
41669,Gambex Shampoo,CBD,8500
36426,Gamcitabine  1G inj,CBD,50000
11055,Ganciclovir Injection,SPE,33150
37040,Gardasil Vaccine,VAC,65560
10114,Gastrigel Tablets ,NPD,0
36716,Gastrocid  Suspension,NPD,0
43071,Gaviscon Susp 150ml,NPD,0
41674,Gaviscon Susp 300ml,NPD,0
43066,Gaviscon Tabs,NPD,0
37410,Gees Linctus -Adult,NPD,0
36222,Gees Linctus Child 100ml,NPD,0
11129,Gelusil Tabs,NPD,0
36045,Gemcitabine 1g Inj,CGD,62400
44012,Gemcitabine 200mg Vial,CGD,58500
41684,Gemini Eye Drops 15ml (1),OTC,2500
41632,Gemzer Injection,CBD,75000
2032,Genotropin  1.0 Units,CBD,3500
41685,Gentamicin 10mg Amps/1ml,NGD,500
42946,Gentamycin 80mg Im,NGD,500
32643,Gentamycin Eye Drop,NBD,400
41686,Gentamycin Eye/Ear Drops,NGD,600
36836,Gentian Violet Solution,NGD,750
37928,Gingseng Capsules,NPD,0
21201,Glibenclamide 5mg,CGD,15
18045,Gliclazide 30mg,CGD,200
37173,Gliclazide 60mg,CGD,300
37676,Gliclazide 80mg,CGD,300
37772,Glimepiride  2mg,CGD,200
38508,Glimepiride 2 Mg Denk,CBD,246
35959,Glimepiride 3 Mg Denk,CBD,246
32644,Glipizide (Novoglip Tab),CGD,35
37175,Glipizide 5mg,CGD,45
37771,Glucobay 25mg,CBD,250
36164,Glucophage 1000mg,CBD,175
36840,Glucophage Forte  850mg,CBD,350
36842,Glucophage Forte 500mg,CBD,220
36715,Glucosamine & Chondroitin So4,NPD,0
37724,Glucosamine & Omega 3 Oils,NPD,0
36830,Glucovance,CBD,450
41166,Glutamic Acid,OTC,100
41277,Glutamic Acid Syrup,OTC,1725
36403,Glutim Eye Drops,NBD,4312
32645,Glycerin Supp 1GM,NPD,0
44013,Glycerin Supp 2GM,NPD,0
41703,Glycerine Supp Adult (1),NPD,0
41704,Glycerine Supp Infant (1),NPD,0
37781,Glyceryl Trinitrate Spray,CGD,28031
37860,Glyceryl Trinitrate Tabs,CGD,215
32646,Glycoben Tab(Glibenclemide),CGD,20
36869,Glycodin Cough Syrup,NPD,0
41706,Glycomin Tabs 5mg (1),CBD,50
37036,Glynase 5mg,CGD,43
2027,Gramocef 400mg,NBD,1167
2336,Gramocef syrup,NBD,3000
36845,Griseofulvin 125mg,NGD,40
41708,Griseofulvin Tab 250mg,NGD,100
41709,Griseofulvin Tab 500 Mg(1,NGD,150
32648,Gsuante  120MG Inj,NBD,2500
32647,Gsunate  60MG Inj,NBD,1800
43346,Gsunate Suppositories 200mg,NGD,2000
43347,Gsunate Suppositories 50mg,NGD,1000
32649,Gvither  Fort Inj,NBD,1000
2072,Gyno Daktarin Cream,NBD,12500
36854,Gyno Pevaryl Ovules,NBD,12937
36312,Gyno Peveryl Cream,NBD,12937
36852,Gynon Daktarin Ovules,NBD,11000
18108,Gyno-Travogen Vaginal Tab,NBD,9500
43059,Haemaccel 500ml,OTC,15000
36816,Haemomin Capsules,NPD,0
2291,Halcion 0.25mg,NBD,300
22078,Haldol Depot (Haloperidol,CBD,9100
36314,Halfan  Syrup,NBD,12500
36315,Halfan 250mg ( 6 ),NBD,8000
36857,Half-Strength Darrows Sol,NBD,5000
42129,Haloperidol 5mg,CGD,35
32650,Hand Sanitiser,NPD,0
37063,Hatrazan (Cabamazine 50mg),CBD,100
32651,Heal Soft,NPD,0
36093,Hemovit Syrup,NPD,0
41728,Heparin Amp 5000iu/Ml 1ml,NGD,3000
42970,Heparin Cream,NGD,7500
41729,Heparin Vial 1000iu/Ml 5m,NGD,3000
41730,Heparin Vial 5000i.U/Ml 5,NGD,6000
42994,Hepatitis A,VAC,45000
42795,Hepatitis B vaccine,VAC,20000
41774,Hep-Lock I.M,NBD,1950
41731,Hexarone 200mg,CBD,13000
41746,Hibtiter Vaccine,VAC,1300
41160,Hilderm Cream,NBD,1000
36320,Hismanal 10mg,NBD,260
41749,Hismanal 1mg/1ml 100ml (1,NBD,2620
37418,Histalix 100ml,NPD,0
2235,Hormorin 200mg,CBD,1500
41020,Humalog Insulin,CBD,11000
41073,Humalog Mix Insulin,CBD,11000
37046,Human Chorioni Gonadotrophin,CBD,25000
40036,Humulin (Long Acting),CBD,9500
40038,Humulin N (Intermediate),CBD,9500
40037,Humulin R (Rapid Acting),CBD,9500
36166,Hydralazine 20mg,CGD,120
36152,Hydralazine 25mg/2ml,CGD,850
44014,Hydrea,CBD,600
43069,Hydrochlorothiazide 25mg,CGD,20
37369,Hydrochlorothiazide 50mg,CGD,40
43311,Hydrocortison I.V,NGD,390
37615,Hydrocortison Skin Ointme,NGD,900
36299,Hydrocortisone  Tablets,NGD,200
36783,Hydrocortisone Cream,NGD,900
41756,Hydrocortisone Eye Drops,NGD,520
36863,Hydrocortisone Eye Ointme,NGD,500
41759,Hydrogen Peroxide 10 Vol,NPD,0
37733,Hydroquinone 5%  Ointment,NPD,0
36229,Hydroxychloroquine (Plasmoquine),NGD,260
2332,Hydroxyurea 500mg Tabs,CGD,450
41765,Hyoscine Amps 20mg/Ml,NGD,500
37226,Hyoscine Butylbromide 10mg,NGD,180
36864,Hypotone,CBD,2340
2094,Ibandronic Acid 150mcg + Calcitriol ,OTC,168.3
41780,Ibandronic Acid 150mcg Iv,CBD,8000
2250,Ibuprofen + Paracet syrup,OTC,810
2251,ibuprofen + paracetamol tablets,OTC,40
44015,Ibuprofen 200mg Tablets,NGD,20
36329,Ibuprofen 400mg Tablets,NGD,40
41149,Ibuprofen Denk 400mg,NBD,167
41772,Ibuprofen Syrup 100mg/5ml,NGD,750
36536,Ichthammol ,NGD,700
37193,Idrofos 150mg Ibandronic Acid,CBD,8000
41818,Ifosfamide 2g+Mesna 1200mg Inj,CGD,38000
41125,Imigran 50mg,CBD,1800
36912,Imigran Nasal,CBD,25000
44016,Imipenem Injection,NBD,8500
41776,Imipramine 25 Mg(1),CGD,80
17342,Imitinab 400mg Tabs,CGD,7500
43351,Immuno Active Denk,NPD,0
36884,Imodium 5mg,NBD,500
29013,Imodium Syrup 50ml,NBD,4500
13161,Imovane 7.5mg,CBD,900
11150,Indapamide 1.5mg,CGD,120
2400,Inderal 10mg,CBD,33
2399,Inderal 40mg,CBD,78
3035,Indocid 25mg Capsules,NBD,15
36873,Indocid -R- Capsules 75mg,NBD,75
3037,Indocid Suppositories,NBD,260
41768,Indomethacin 25 Mg,NBD,15
37304,Inegy(Ezetimitibe & Simvastatin),CBD,800
37776,Infanrix,VAC,42500
43050,Inferon Inj,NBD,19500
41784,Inflammide 200 Metered Ae,CBD,19500
37680,Inflanase 50 Aqueous Nasal Spray,CBD,18500
37677,Inhibace Plus (  Cilazapr,CBD,19500
21172,Insulin  Actrapid Mc,CBD,22500
21161,Insulin Lente 100u/Ml,CBD,22500
41804,Insulin Mixtard 30/70 100,CBD,45000
38519,Insulin Mixtard 40mg Penfils,CBD,22500
41806,Insulin Protaphane Hmge V,CBD,22500
42968,Insulin Syringe/U100,CGD,100
41807,Inteflora Caps (1),NPD,0
37144,Intramin 8.5% Infusion,NBD,18690
41809,Intrasite Gel 15g Applc (,NBD,4600
35971,Iodine Tincture Bp 100ml,NGD,900
37656,Ipecacuanha Tincture,NPD,0
41816,Ipradol 5mg/2ml (1),CGD,1040
17341,Ipratropium Bromide Inhaler ( Forvent),CGD,9500
37102,Irbesarten 300mg,CBD,900
37247,Irinotecan Hcl 100mg Inj,CGD,60000
37333,Isodil 20mg,CBD,65
25001,Isoptin 240mg,CBD,500
41820,Isoptin Amp 5mg/2ml,CBD,17640
7007,Isordil 10mg,CBD,78
40017,Isorsobide 5mg,CGD,50
44017,Isorsobide Dinitrate,CGD,100
36877,Isorsobide Mononitrate 30,CGD,200
43082,Isosorbide Mononitrate 60,CGD,250
17200,Itopside,CBD,2600
15944,Itraconazole Tabs,CGD,500
43401,Ivermectin 6mg,NGD,500
37865,Ivinotecan 100mg,CBD,6500
32652,Janumet 50mg ( Metformin & Sitagliptin ),CBD,1000
33535,Januvia,CBD,1800
37128,Kabiven I.V 1026 Mls,CBD,85000
43330,Kaletra Tablets,NBD,200
36882,Kaolin Mixure 100mls,NPD,0
8043,Karvol Inhalant Capsules,NPD,0
41844,Kenacort 40 (Triamcinolone),NBD,2900
41845,Kenacort Retard 80mg,NBD,70
11040,Kenalog Inj 40mg,NBD,2900
37852,Keppra 250mg ( Levetiracetam ),CBD,750
CODE,Keppra 500 Mg Tab,CBD,1250
10254,Keppra 750mg,CBD,1800
37713,Kessar 20mg,CBD,500
32653,Ketaconazole Cream (Gv Zole),NBD,600
37185,Ketamine 500mg I.V,NGD,700
41847,Ketoconazole 200mg,NGD,70
37023,Ketoconazole Cream,NGD,900
41849,Ketoconazole Shampoo,NGD,4500
41848,Ketoprofen  Caps,NGD,25
38503,Ketotifen 1mg,NGD,400
43349,kid flame,NGD,5500
21207,Kilogest ( Norethisterone & Estradiol ),CBD,800
1014,Kit Pylo-C,CBD,300
41860,Klacid 250mg (1),NBD,2800
42212,Klacid Syrup,NBD,9775
37207,Koflyn Syrup,OTC,1200
36886,Konakion Injection,NBD,400
36888,K-Y Jelly 50g,NPD,0
37090,Kytril 1mg,CBD,8500
36901,Kytril 2mg,CBD,16750
2074,Lagactil 25mg Tablets,CBD,150
2076,Lagactil 50mg,CBD,500
2067,Lagactil Inj  1ml,CBD,585
2069,Lagactil Syrup 100ml,CBD,780
43127,Lamictal ( Lamotrigine ) 100mg,CBD,400
37834,Lamictin 100mg,CBD,550
41016,Lamictin 200mg,CBD,110
37052,Lamictin 50mg,CBD,400
42133,Lamisil  Cream,SPE,12500
42124,Lamisil 250mg,SPE,4500
6010,Lanoxin Inj 2ml,CBD,1600
6013,Lanoxin Tabs  0.25 Mg,CBD,150
37016,Lansoprazole 30mg,CGD,600
10003,Lantus Injection,CBD,16200
37791,Lanzor  15mg,CBD,1500
37738,Lanzor 20mg,CBD,2000
36834,Lasix 20mg,CBD,350
18015,Lasix 40mg Tablets,CBD,500
18010,Lasix Injection 2ml,NBD,1500
36735,Lebactum Im / Iv,NBD,1755
37774,Lefumide 20mg,CBD,455
41877,Lenolax Enema Child 64ml,NPD,0
41182,Lentogesic Syrup,NPD,0
36706,Lesstrol 10mg,CGD,120
44018,Lesstrol 20mg,CGD,180
41320,Letrozole 2.5mg,CGD,1000
42158,Leucovorin,CGD,5000
36341,Leukeran 2mg,CGD,1400
37442,Levamizole 40mg,NGD,130
41868,Levetiracetam 100ml Syrup,CGD,15000
37629,Levetiracetam 500mg,CGD,500
36145,Levimix  3ml,CBD,14000
36433,Levo Denk 250 Mg,NBD,864
41584,Levo Denk 500 Mg Tab,NBD,1314
36432,Levobact 750 Mg,CGD,900
41983,Levocetrizine 5mg,CBD,180
11806,Levocetrizine 5mg + Montelukast 10mg,CGD,61.2
44019,Levodopa 50mg,CGD,520
37067,Levofloxacin 500mg,NGD,450
43350,Levofloxacin 750mg,NGD,500
36966,Lexapro 10mg,CBD,400
36892,Lexotan 3mg,CBD,400
36891,Lexotan 6mg,CBD,650
11074,Librax Tabs,CBD,450
41879,Lignocaine  C Adrenalin (,NGD,730
41880,Lignocaine 1% 5ml (1),NGD,800
41881,Lignocaine 2% 20 Ml-5ml,NGD,650
41882,Lignocaine 2% 50ml (5ml),NGD,650
41883,Lignocaine 5% With Dextro,NGD,750
37037,Liniment Rub 100ml,NGD,1500
37196,Lipanthyl 200mg,CBD,1500
43143,Lipitor 10mg,CBD,800
37630,Lipitor 20mg,CBD,1000
42279,Lipitor 40mg,CBD,1200
41030,Lipitor 80mg,CBD,1500
37610,Lipoic Acid,CBD,480
43063,Liquid Paraffin 100ml,NPD,0
15930,Lisinopril 10mg,CGD,90
1248,Lisinopril 20mg,CGD,120
41348,Lisinopril 5mg,CGD,60
36899,Listerine ( And All Mouthwashes ),NPD,0
41893,Liv 52,CBD,80
11035,Livifem 2.5 Mg,CBD,1200
41889,Livostin Eye Drops 0.5mg/,NBD,14500
41890,Locabiotal 100 Metered Do,NBD,11500
36900,Locacorten -V- Ointment 1,NBD,14500
37639,Locasalene Ointment 15g,NPD,0
32634,Loceryl cream,SPE,20000
16073,Locorten-Vioform Ear Drops 7.5ml,NBD,14500
36809,Lofeminal,NPD,0
32654,Lofnac 50MG Tablet,NBD,20
32656,Lofnac Balm,NBD,850
32657,Lofnac Gel,NBD,1000
32658,Lofnac Inj,NBD,400
32659,Lofnac P Tablet,NBD,25
32660,Lofnac Roll On,NPD,0
32661,Lofnac Sr 100MG,NBD,25
32662,Lofnac Suppository,NBD,140
32655,Lofnac-Ap 10'S,OTC,45
36902,Lomotil,NGD,180
41984,Lonart  Syrup,NBD,2500
32663,Lonart ( 24 Tab),NBD,2500
41186,Lonart D880/140,NBD,2500
32664,Lonart Dispersable,NBD,1000
32665,Lonart Ds,NBD,2500
41197,Lonart Forte 40/240,NBD,2500
32666,Lonart Forte( 12 Tab),NBD,2500
37447,Lonart Tablets,NBD,2500
36355,Loperamide 2mg Tablets,NBD,85
41892,Loperamide Syrup Adco 1mg,NGD,2500
2150,Lopid 20mg,NBD,850
44020,Lopid 600mg,NBD,710
37561,Lopresor ( Metoprolol ) 1,CBD,865
36462,Loprox(Ciclopirox Olamine,NBD,540
36807,Lorabid Syrup 100ml,NBD,1117
37820,Loratadine 10mg,NGD,150
32638,loratadine syrup,NGD,5000
10610,Lorazepam Tablets,CGD,200
37412,Losar Denk 100 Mg,CBD,430
37093,Losar Denk 50 Mg ,CBD,260
44021,Losartan 25mg,CGD,100
44022,Losartan 50mg,CGD,150
44027,Losartan H,CGD,220
36356,Losec 20mg Caps,CBD,2000
41773,Lotem Syrup (Ibuprofen + Parac),NBD,2000
36069,Lozenges ( All Types),NPD,0
36904,Lucozide Liquid,NPD,0
36358,Lugol's 10dine,NGD,2500
37205,Lumefantrine - Artemether,NBD,2500
41216,Lumigan Eye Drops ,CBD,25000
37764,Lymecycline 300mg,NGD,900
42995,Lyrica,CBD,1250
2093,Lysoflam tabs,OTC,71.3
41898,Maalox Syrup 250ml,NPD,0
41899,Macaine Plain Amp 0.5% 10,SPE,44500
41900,Macaine Spinal Amp 0.5% 4,SPE,47500
41901,Macaine Spinal Amp Cdextr,SPE,47500
32667,Macrobid 100mg ( Nitrofurantoin ),NGD,2450
18049,Macrodantin 100mg,NBD,1500
36907,Magnesium Hydroxide Mixture,OTC,650
43083,Magnesium Sulphate Inj,NGD,600
41905,Magnesium Trisilicate Sus,OTC,1000
36908,Magnesium Trisilicate Tab,OTC,30
36640,Malafin  Syrup,NBD,1300
20042,Malaquin 250mg,NBD,150
36625,Malarone  Tablets,NGD,5000
36920,Maxalt 10mg,CBD,12500
37646,Maxiplex Injection 10ml,NGD,600
37647,Maxiplex Tablets,OTC,104
41919,Maxitrol Eye Drops 5ml (1),NBD,22500
37076,Maxobeta Cream 15g ,NBD,900
43064,Maxolon 10mg,NBD,250
30017,Measles  Vaccine,VAC,24500
42874,Mebendazole (Vermox 100mg,NGD,350
41920,Mebendazole Syrup 100mg/5,NGD,845
36374,Mebeverine Hcl  135mg,CGD,350
12132,Medrol 4mg,NBD,180
36917,Mefenamic  Acid 500mg,NGD,60
44023,Mefenamic Acid 250mg,NGD,40
21090,Mefenamic Acid Syrup,NGD,1200
41926,Meflam Tabs (1),NBD,1800
2348,Mefloquine 250mg,NPD,0
36879,Melatonin 6mg,CBD,400
36922,Melmet Syrup,CGD,1495
37684,Meloxicam,NGD,200
36687,Melphalan (Alkeran) 2mg,CBD,3000
2292,Menactra vaccine,VAC,60000
41928,Meningococcal Vacc S/Dose,VAC,35000
41932,Mepyramine Maleate Cream,NGD,750
2073,Mercaptopurine  50 Mgs,CGD,104
43117,Meropenem Injection,SPE,15000
36477,Mesacol Suppositories,CBD,800
36472,Mesna 200mg Inj,CGD,2340
36391,Mestinon(Pyridostigmine),CBD,550
1015,Metformin + Vildagliptine,CBD,1000
40013,Metformin 500mg,CGD,40
11807,Metformin 500mg + Glimepiride 1mg ( Glimiwel),CGD,83
32631,Metformin 500mg + Glimepiride 2mg ( Glimiwel),CGD,92
40009,Metformin 850mg,CGD,60
37375,Metformin Denk 1000 Mg,CBD,252
41091,Metformin Denk 500mg,CBD,92
41092,Metformin Denk 850mg,CBD,144
36293,Methotraxate 10mg,CGD,1000
36935,Methotrexate  1g  Inj,CGD,19000
41938,Methotrexate 2.5mg/Tab,CGD,300
37777,Methotrexate 50mg Inj,CGD,7000
36098,Methylated Spirit,NPD,0
36390,Methyldopa 250mg,CGD,90
41377,Methylprednisolone 40mg Inj,NGD,2000
43047,Metochlopromide 10mg/2ml,NGD,800
37609,Metochlopromide 5mg,NGD,30
43065,Metoclopramide  10mg,NGD,40
37839,Metoclopromide Syrup,NGD,850
36037,Metoprolol 50mg,CGD,250
37655,Metronidazole 200mg,NGD,20
41875,Metronidazole Gel (Metrog,NGD,1500
41940,Metronidazole Injection 500mg/100ml,NGD,900
36263,Metronidazole Syrup,NGD,800
36024,Micardis 80mg,CBD,900
2016,Miclocin Cream,NBD,900
43202,Miconazole Cream,NGD,800
36778,Miconazole Eye Drops 1%,NGD,750
36943,Microgynon,NPD,0
36940,Microphyllin  125mg,CBD,250
13162,Midazolam 2mg,CGD,325
37563,Migranil 250mg,CBD,250
7075,Migril Tablets,CBD,750
37334,Milcold Syrup,NPD,0
2033,Minerva,CBD,400
43316,Minocycline 100mg,SPE,900
41683,Minoxidil 5mg,CBD,450
12029,Mintezol Tabs 500mg,NBD,325
37259,Mirtrazipine 15mg,CBD,1135
38000,Misoprostol,CGD,65
36970,Mmr Vaccine,VAC,24500
37758,Mobic  7.5mg,NBD,150
41970,Modecate Amp 25mg 1ml (1),CBD,3250
2199,Modecate Inj 1ml,CBD,1040
18030,Moduretic 20mg,CBD,560
41721,Monair  ( Montelukast & S,CBD,900
36619,Monopril 10mg,CBD,455
44028,Moral 10mg (Montelukast),CGD,153
44031,Moral 4mg (Montelukast),CGD,75.01
44032,Moral 5mg (Montelukast),CGD,93.01
2345,Morphine 100ml,NGD,13000
37135,Morphine 30mg Tablets,NGD,130
36946,Morphine Injection (Cd),NGD,1300
36947,Motilium Suspension,CBD,6500
11152,Motilium Tablets 10mg,CBD,350
36860,Moxaforte  Dry Syrup, NBD ,2250
36861,Moxaforte Capsules, NBD ,150
36949,Mucaine Suspension,NPD,0
41981,Mucoasthalin syrup,CGD,1600
36088,Mucolyn Cough Syrup,OTC,1500
37539,Multivitamin Syrup,NPD,0
22102,Multivitamin tab,NPD,0
37870,Mupicron   Ointment,NGD,7500
37662,Murine Eye Drops 15ml,NPD,0
37044,Mycospor(Bisonazole),NBD,9500
37084,Mycospore Cream,NBD,10500
20198,Mycota Cream,NBD,9750
37665,Mycota Powder 70g,NBD,10500
20265,Mycota Spray,NBD,12500
43035,Myprodol Caps,OTC,100
42121,Myprodol Syrup,OTC,2600
41986,Nalidixic Acid 500mg (1),NGD,90
12346,Nalidixic Acid Syrup,NGD,4550
12345,Nalidixic Acid Tabs  250mg,NGD,72
2318,Naprosyn 250mg,NBD,120
37667,Naproxen Tablets    ,NGD,180
16008,Nasonex Nasal Spray,NBD,21500
36835,Natacyn  Opthalmic Sol,CBD,7500
42285,Natrilix 1.5mg,CBD,400
36760,Nauma Pain Balm,NBD,900
38523,Navelbine 50mg Iv,CBD,5600
36290,Nebilong 5 Mg + Hct Tab,CGD,350
36437,Nebivolol 5mg,CGD,550
37678,Nebuliser Solution,CGD,1200
42082,Neo Medrol Acne Lotion,NBD,1950
15013,Neodexone Eye & Ear Drops,NBD,690
15012,Neodexone Eye Ointment 3.,NBD,400
42018,Neo-Mercazole 5 Mg  Tablet,CBD,650
42020,Neomycin + Bacitracin  15,NGD,520
36534,Neomycin Cream,NGD,650
15950,Neophedan Caps,NBD,650
36959,Neosporin Ointment 3.5g,NBD,650
36958,Neostigmine Injection,NBD,1300
13332,Nerisone Cream 15g,NBD,9500
13114,Nerisone Ointment 15g,NBD,9500
1058,Neulin SR 500mg,CBD,1000
36985,Neupogen Ampoule 5mcg 1of 5,CBD,41000
37157,Neurobion(Vit B- Complex),CBD,450
16025,Neurontin 300mg(Gabapenti,CBD,650
2044,Neurozan Capsules,CBD,600
37612,Nevirapine Tabs,NPD,0
37836,Nexium 20mg,CBD,1200
15025,Nexium 40mg,CBD,1800
36428,Nicorandil 10mg (Ikorel),CGD,450
22056,Nicotinamide Bp 100mg Tab,NGD,450
37845,Nicotine Patches,NPD,0
41088,Nifedi Denk 10mg Retard,CBD,104
36628,Nifedi Denk 20mg Retard,CBD,140
42030,Nifedipine  20mg,CGD,50
42029,Nifedipine 10mg,CGD,30
37955,Nifedipine SR 10MG,CGD,60
37956,Nifedipine SR 20MG,CGD,90
37837,Nitrazepam 5mg,CGD,250
42037,Nitrofurantoin 100mg Tabl,NGD,500
43129,Nitrofurantoin 50mg,NGD,60
43092,Nitroglycerine 4mg Dose,CGD,300
20281,Nizoral 200mg,NBD,500
42040,Nizoral Cream 15g,NGD,6500
44025,Nizoral Shampoo,NBD,12500
36961,Nizoral Suspension.,NBD,4500
36360,Nolotil,OTC,234
42043,Nootropil Tab,CBD,500
42047,Norethisterone  200mg (1),NGD,1000
42048,Norfloxacin  400mg  Table,NGD,70
10513,Norit 200mg,NBD,137
36965,Normet Syrup,NBD,900
36129,Normet Tablets,NBD,100
16083,Norvasc 10mg,CBD,1000
16089,Norvasc 5mg,CBD,850
42050,Noscapine 15mg,NGD,94
36683,Novarapid Insulin 10ml,CBD,15500
36310,Novarapid Pen-Set 3mls,CBD,12000
42019,Novofine Needles 30g,CBD,200
35960,Novoglip 5mg ( Glipizide ),CGD,60
42060,Novomix 30 (Flexpen),CBD,15500
15954,Novonorm 1mg (Repaglinide,CBD,155
42052,Novorapid Pen-Set 3ml,CBD,12000
13140,Nugrel,CBD,450
37323,Nurofen 200mg,NBD,180
37331,Nurofen Syrup  100ml,OTC,5900
42068,Nystatin Oitment,NGD,1100
42945,Nystatin Oral Drops 20ml,NGD,850
43201,Nystatin Pesseries,NGD,760
42066,Nystatin Tablets,NGD,40
2017,O2 susp (Oflox + Ornidazole) ,NBD,990
2018,O2 Tab (Oflox + Ornidazole) ,NBD,150
37602,Ocuton (Oxedrine Hcl2) 0.,NBD,17875
42067,Oestradiol 20mg Implant,CBD,49500
21014,Oestrogen Patches,CGD,17968
37849,Ofloxacin 200mg,NGD,150
36497,Ofloxacin Eye Drops 0.3%,NGD,1800
36924,Olmesartan 20mg,CGD,500
36291,Olmesartan Medoxomil 10mg,CGD,350
42069,Omega 3,NPD,0
40012,Omeprazole 20mg,CGD,40
37445,Omicap 20,CGD,40
40040,Oncovine  1mg,CBD,1000
1016,Ondasetron Denk 44mg,CBD,90
41894,Ondasterone 4mg ( D- Tron,CGD,1000
37641,Onglyza Tab,CBD,900
37194,Optive Eye Drops,CBD,12500
36974,Optrex Eye Drops 10ml,NBD,10600
36866,Oracef 250mg Capsules, NBD ,120
36029,Oral Rehydration Salts,NPD,0
16068,Oraldine Mouthwash,NPD,0
20231,Orbenin (Cloxacillin) 250,NBD,50
36979,Orbenin Capsules 250mg,NBD,360
37925,Ormersartan  40mg,CBD,500
36465,Ornilox Tab,CGD,900
43151,Orofar(Benzoxonium Chlori,NPD,0
37808,Orofer Suspension,OTC,1500
37689,Oroquin 250mg Tablets 200,NBD,65
36323,Osteocare,NPD,0
37864,Osteoeze Tablets,CBD,350
37543,Osteofos,CBD,2000
16049,Otosporin Drops 7.5ml,NBD,5200
16004,Otrivin Nasal Drops 1% (Adult),NBD,6000
42086,Otrivine 0.05% Paeds Nasa,NBD,6000
36474,Oxaplatin  100mg / Ml,CGD,65000
36407,Oxis Turbohaler Tube,CBD,36500
36022,Oxybutynin Hcl (Ditropan),NGD,200
37319,Oxyfloxacin + Tinidazole,CBD,1000
36575,Oxylin(Oxymetazoline) Eye Drops,NGD,6000
22014,Oxymetazoline,NGD,2000
42100,Oxytocin (Pitocin)10ui,NGD,700
2019,P Alaxin Ds,NBD,1350
37657,Paclitaxel 100mg,CGD,78000
43034,Painagon,OTC,100
37591,Painagon Syrup,OTC,2000
42110,Painamol Tabs 500mg (1),OTC,50
41225,P-Alaxin Syrup,NBD,2500
41230,P-Alaxin Tablets ,NBD,350
2020,P-Alaxin-DS  9S,NBD,2430
37089,Palio D (Pantoprazole + Domperidone,CBD,150
37695,Paludrine 100mg Tablets,NPD,0
2092,Pamagin C Syrup,OTC,990
41038,Panado Syrup  Adco  100ml ,OTC,2200
42113,Panamor Supp 100mg (1),OTC,40
10510,Panaprofen Capsules,OTC,40
37697,Pankleoflat Tablets,CBD,400
37165,Pantaloc 40mg,CBD,900
37336,Panto Denk 20 Mg Tab,CBD,276
37353,Panto Denk 40 Mg ,CBD,366
37107,Pantoprazole 20mg,CGD,100
37623,Pantoprazole Inj,CGD,3000
37054,Pantosec(Domperidone + Pantoprazole),CBD,100
2278,Paracetamol 500mg,OTC,20
42122,Paracetamol Paed Supps 125mg,OTC,200
36581,Paracetamol Syrup,OTC,800
2252,ParaCo-Denk supp tablet 500/30,NPD,0
2022,Para-Denk supp 125,NBD,522
2253,Para-Denk supp 250,NPD,0
37737,Pariet 20mg,CBD,1200
42127,Parlodel(Bromocriptine) 1,CBD,600
40018,Paroven 250mg,CBD,900
37170,Paroxetin ,CBD,500
37547,Paroxetine 20mg,CBD,500
36642,Patanol Eye Drops,CBD,16500
42130,Pefloxacin 400mg Tabs,NBD,104
36438,Penicillin Benzathine 2.4,NGD,1200
20056,Penicillin Benzyl Ampoule,NGD,950
20097,Penicillin V 125mg/5ml,NGD,900
37451,Penicillin V.K. 250mg,NGD,50
37751,Pentavalent Injection,SPE,60000
21203,Pentoprazole 20mg,CGD,80
36483,Pepcid Tabs,NPD,0
36744,Peptazol 20mg,CBD,130
36993,Periactin  Tablets,NBD,350
42027,Perimethrin Cream,NGD,6500
11194,Perindopril 4mg,CGD,300
36996,Persantin 100mg,CBD,455
36104,Persantin 200mg,CBD,455
2234,Pethidine 2.5ml,NGD,3000
2102,Pethidine Inj 1ml,NGD,1500
42146,Pethidine Tabs 50mg,NGD,140
36647,Pevaryl Nasal Spray,NBD,25350
36443,Pevisone 15g Cream,NBD,7450
36444,Pharmapress Co (Enalapril,CBD,400
5050,Phenergan 25mg,NBD,80
42152,Phenergan Cream 30 G,NBD,3950
5044,Phenergan Elixir 100ml,NBD,650
5046,Phenergan Inj 2ml,NBD,1200
42157,Phenobarbitone 100mg/2ml,CGD,1050
2031,Phenobarbitone 30mg,CGD,20
36445,Phenol-E- Drops 500ml,NPD,0
22094,Phenylephine,NGD,195
43206,Phenytoin 100mg,CGD,90
36491,Phytopause Forte,CBD,455
36448,Pilocarpine 2% Eye Drops,NGD,1500
36734,Pilogel,NBD,1300
32670,Pip Off,NBD,900
41106,Piperacillin + Tazobactan,NBD,15000
36453,Piriton 4mg Tablets,NGD,15
36452,Piriton Syrup,NBD,750
42163,Piroxicam  20mg,NGD,30
36227,Plaquenil,NBD,250
36023,Plavix 75mg,CBD,1800
42827,Plendil 2.5mg,CBD,400
42211,Plenish K Tabs 600mg,CBD,150
37425,Pneumococcal Conjugated Vaccine,VAC,55000
36455,Podophyllin Paint,NGD,3500
42231,Polyvalent Antivenom,NBD,20000
42232,Pommade Ichtyolee 10%,NPD,0
2126,Ponstan Capsules,OTC,100
42233,Ponstan Paed Supp 125mg (,OTC,1000
2243,Ponstan Suspension,OTC,3500
42236,Potassium Chloride Amp 15,NGD,585
42237,Potassium Permanganate,NGD,890
37598,Povidone Oint,NGD,800
36755,Povidone Ointment,NGD,600
36599,Powercort Cream,NBD,1430
36652,Pradaxa 110mg,CBD,1000
43301,Prasugrel 10mg,CBD,2500
36239,Pravastatin (Pravasin) 40,CGD,900
37755,Pravastatin 10mg,CGD,400
12360,Praziquantel 600mg,NGD,500
42928,Prazosin  5mg,CGD,400
37841,Pred Forte Eye Drops,CBD,20500
21029,Prednisolone 5mg,NGD,20
36521,Prednisolone Acetate Solution,NGD,3500
2120,Pregabalin,CBD,350
37859,Pregalin 75mg,CBD,500
36457,Pregnatal Tablets,NPD,0
37731,Prelone Syrup,CBD,2500
21016,Premarin  Cream 42.5mg,CGD,18500
21012,Premarin 0.625mg,CGD,500
21015,Premarin 1.25mg,CGD,600
42242,Premarin 25mg Inj,CGD,26500
43045,Prempac N 0.625mg,CBD,800
41315,Prempack (Utrogeston Tabs,CBD,390
37010,Prempak - C 0.625mg,CBD,800
42245,Prempak-N 0.625 Mg,CBD,715
42246,Prempak-N 1.25mg,CBD,300
11059,Prep-H Ointment,NGD,9000
11037,Prep-H Suppository Pack,NBD,9000
42247,Prepidil Gel 0.5mg 3g,NPD,0
42248,Prepulsid Tab 10mg,NPD,0
36659,Pretelax,CBD,750
20600,Prevenar vaccine,VAC,95000
36424,Prexium 2mg,CBD,470
37736,Prexium 4mg,CBD,500
41658,Prexium 4mg Plus,CBD,750
42950,Primaquine 15mg,NGD,190
21210,Primogyn Depot 1ml,CBD,9750
43121,Primolut Depot 250mg Inj,NBD,9750
21220,Primolut N 5mg,NBD,120
42254,Primperan Suppositories A,NBD,4550
5033,Primperan Tablets,NBD,33
37012,Probanthine 15mg,NGD,400
11803,Probion 75caps ( Pregabalin),CGD,189.7
11078,Proctosedyl Oint 15mg,NBD,16250
11080,Proctosedyl Suppositories,NBD,16250
36397,Procutan Cream 1%,SPE,29500
42256,Progesterone Inj. 25 Mg,CGD,4550
42253,Progestrone 25mg,CGD,130
42257,Proguanil Hcl 100mg,NPD,0
36396,Proluton Depot Injection,CBD,4550
36461,Promethazine Hcl 25mg Tablets,NGD,20
43322,Promethazine Injection,NGD,300
42258,Promethazine Syrup 100 Ml,NGD,600
37550,Propantheline Tabs 25mg,NGD,26
36463,Propranol 40mg Tablets,CGD,20
37710,Proscar (Finasteride)5mg,CBD,1500
42263,Prostin E2 Tabs 0.5mg (1),NBD,130
42264,Protamine Sulphate Amps 5,CGD,15600
36881,Protaphane Insulin,CBD,25000
37303,Protaphane Pen- Set Insulin,CBD,10000
37861,Protopic Ointment 1%,CBD,34450
41282,Protos 2g,CBD,1500
42265,Provera 5mg,CBD,800
21226,Proviron 25mg,NPD,0
36784,Proxym,CBD,520
36464,Prozac 20mg Tablets,CBD,1200
37686,Pulmicort Nebules,CBD,1500
18070,Pulmicort Turbuhaler,CBD,14500
41612,Pulmison 20mg,SPE,800
36951,Pulmisone 20mg,SPE,800
36547,Pulmocef 500 Mg Tab,NBD,850
42272,Puresis Tabs 40mg,CBD,123
36984,Puricos 300mg,CBD,250
42273,Puricos Tabs 100mg,CBD,180
43040,Pyridium Tabs,NBD,300
42278,Pyridoxine 25mg Tab,NGD,40
22136,Pyridoxine Hcl 50mg Tablets,NGD,50
42280,Pyrimethamine 25 Mg,NGD,295
43307,Quadriderm Cream,CBD,18500
37017,Questran 4mg,CBD,800
37526,Quinapril - H,CBD,390
6002,Quinidine Sulphate Tabs 2,NGD,65
42282,Quinimax 500mg Tablets,NGD,130
42283,Quinimax Ampoules 500mg,NBD,150
36487,Quinine Dihydrochloride 3,NGD,300
37706,Quinine Hcl 300mg Tablets,NGD,120
42287,Quinine Injection 500mg,NGD,400
36486,Quinine Sc 300mg Tablets,NBD,120
37760,Quinine Syrup,NBD,4000
42951,Quinine Syrup 100ml,NBD,4000
37022,Quinoderm Cream 25g,NBD,8500
2254,R.B Tone Capsule ,NPD,0
37606,Rabaxin 750mg,CBD,7150
42017,Rabeprazole Sodium 20mg,CGD,100
36431,Rabies Vaccine,NBD,16000
2288,Rabies Vaccine (Generic),NGD,8000
37882,Ramipril 10mg,CBD,500
11033,Ramipril 2.5mg,CGD,300
37158,Ramipril 5mg,CBD,450
40015,Ramiprit 20mg,CBD,585
43203,Ranferon 100ml,OTC,2300
43051,Ranferon Capsules,OTC,80
42290,Ranitidine  300mg Tab,CGD,100
42291,Ranitidine 150 Mg Tabs,CGD,30
42293,Ranitidine 50 Mg/Amp,CGD,3500
32608,Ranolazine 500,CGD,1200
41033,Ranophage 1 Mg Tab,CGD,250
41034,Ranophage 2 Mg Tab,CGD,300
42295,Rapifen 0.5mg/1ml (1),NBD,390
7064,Rautrax Improved Tbs 50mg,NBD,1800
41281,Refresh,CBD,9000
36818,Relcer Suspension (Gel),OTC,2700
36812,Relcer Tablets,OTC,25
37091,Relestat Eye Drop,CBD,14500
42302,Remicaine Amp Adco 2% 5ml,NBD,1500
42303,Remicaine Jelly 2% 20ml T,NBD,6500
42304,Remicard Amp Adco 10% 5ml,NBD,860
42294,Reminyl 16mg,CBD,2900
42305,Reminyl 4mg,CBD,780
36768,Reminyl 8mg,CBD,2900
37031,Renitec 20mg,CBD,350
37708,Renitec 5mg Tablets,CBD,150
42306,Renitec Tabs 10mg (1),CBD,200
37030,Rennie Tablets 25's,NPD,0
35410,Repace 100mg ( Losartan P,CBD,450
36188,Requip 1mg,CBD,400
7035,Reserpine 0.25mg,CGD,300
7036,Reserpine 1mg/Ml,CGD,1950
36646,Resperidal (Resperidone),CGD,300
36493,Retrovir 100mg Tablets,NPD,0
20105,Reverin Injection I.V. 27,NBD,1950
43119,Revital,NPD,0
43148,Revotril 1mg,CBD,250
5011,Rexigen 10mg,CBD,32
2393,Rexigen 40mg,CBD,70
37180,Ribeff 44mg,CBD,585
40023,Ridaq 25mg Tab (Hct),CBD,150
35961,Rifabutin 150mg,CGD,260
32635,Rinacet Syrup, NBD ,700
42314,Ringers Lactate 500ml,NGD,700
36228,Rinogrip Sachets(For Flue),NPD,0
13123,Risperidone 1 Mg,CBD,300
10004,Ritalin Tabs,CBD,1500
36893,Rivastigmine,CBD,3334
2138,Rivotril 0.2mg,CBD,250
15229,Rivotril 0.5mg,CBD,400
42315,Rivotril 1mg Amps (1),CBD,4000
2140,Rivotril 2mg,CBD,450
41722,Ro-Accutane 10mg,CBD,900
41814,Ro-Accutane 20mg,CBD,1600
36134,Robaxin 500mg,NPD,0
42316,Robinul Amp 0.4mg 2ml,CBD,2000
36507,Rocephine 1g/Vial I.V Inj,NBD,7800
36506,Rocephine 250mg/Vial I.M,NBD,5000
36508,Rocephine 2g/Vial I.M Inj,NBD,16500
37122,Rofecoxib 25mg,CGD,575
41032,Romilast 5 Mg Tab (Montelukast),CGD,200
36244,Ropinirole 5mg,CGD,325
36141,Rosuvas Tabs 10mg,CGD,300
35998,Rosuvastatin (Crestor) 10mg,CGD,200
44034,Rosuvastatin20mg,CGD,350
42908,Rotavirus Vaccine,VAC,25000
41150,Rythmol 150mg,CBD,635
15123,Sabril 500mg,CBD,1500
11038,Salazopyrin Tablets,CBD,400
42327,Salbutamol 0.5mg 1ml Amp,CGD,800
36510,Salbutamol 2mg Tablets,CGD,20
36509,Salbutamol 4mg Tablets,CGD,30
43146,Salbutamol Inhaler,CGD,2800
7061,Salbutamol Nebuliser Solution,CGD,100
42328,Salbutamol Sulfate 4mg Ta,CGD,30
42329,Salbutamol Suppo(1),CGD,585
20266,Salbutamol Syrup 100ml,CGD,650
36833,Salicylic Acid,NGD,1500
42330,Saline Nose/Eye Drops 15ml (1),NPD,0
36498,Sanatogen M & Iron Tablet,NPD,0
37041,Sanatogen Vit E Tablets,NPD,0
41297,Sandimmun,CBD,6500
37042,Sandomigran  Tablets,CBD,1000
36686,Sandostatin  500mcg/ Vial,CBD,35000
32671,Sanfurox 750MG Inj,NBD,2500
42334,Sanomigran (Pizotifen),CBD,1200
37018,Sargramostim Vial,CGD,8300
36512,Saridon Sa Tablets,NPD,0
37045,Scheriproct Ointment 15g,NBD,9900
11105,Scheriproct Suppositories,NBD,17500
42341,Scolin (Suxamethonium Chl,NBD,8060
42342,Scoline Amps 2ml (1),NBD,20735
42343,Scopex Co Tabs (1),NPD,0
22095,Scorbex(Ascorbic Acid),NPD,0
37330,Secnidazole 1g,NGD,325
42481,Sectral Caps 100mg (1),CBD,350
5051,Sectral Caps 200mg,CBD,650
37679,Selegiline 5mg,CGD,30
36539,Senokot 7.5mg Tablets,NPD,0
42486,Sensodyne Mouthwash,NPD,0
36196,Serc (Betahistine Hcl)  8,CBD,200
37106,Serc (Betahistine),CBD,400
37047,Serenace Capsules,NBD,300
37105,Seretide  Accuhaler 50 / 250,CBD,20000
36511,Serevent Accuhaler 250mcg,CBD,21500
36541,Serevent Inhaler 120 Dose,CBD,32500
36542,Serevent Inhaler 60 Doses,CBD,32500
37192,Seroflo 25/250 Mcg Inhaler,CBD,45000
44029,Seroflo Inhaler,CBD,25000
37854,Seroquil  25mg,CBD,1100
36533,Sertraline 50mg,CGD,450
36522,Servidoxiyne 100mg,NBD,975
36524,Servigenta 2ml Injection,NBD,6500
42049,Sibelium 5mg,CBD,1200
36528,Sicorten 10g Cream,NBD,3500
36530,Sicorten Plus Cream 10g,NBD,3500
35059,Silver Nitrate Pencil,NGD,3500
42493,Silver Sulphadiazine 1% C,NGD,1250
36849,Simvastatin 10mg,CGD,150
42930,Simvastatin 20mg,CGD,200
37138,Simvastatin 40 Mg,CGD,250
36617,Simvastatin 80mg,CGD,300
37053,Sinemet 110mg Tablets,CBD,450
37768,Sinemet 25 / 250mg,CBD,600
12232,Singulair 10mg,CBD,1200
38003,Singulair 4mg,CBD,1000
36742,Sinurhon  Syrup,OTC,900
42495,Sinurhon Tabs 1mg (1),OTC,30
42521,Sinutab Nasal Spray,NPD,0
5111,Sinutab Sa Tabs  100's,NPD,0
5108,Sinutab Tabs  20's,NPD,0
5112,Sinutab With Codeine 100's,NPD,0
36641,Sleep-Eze (Valerian) V Na,CBD,350
37056,Sloans Heat Rub 35g,NPD,0
37057,Sloans Liniment,NGD,1500
24004,Slow-K 600mg Tablets,CGD,200
42508,Sod Chloride 0.9%/Glucose,NGD,72
36613,Sodium  Valproate 100 Mg,CGD,195
36631,Sodium Amytal 200mg,NGD,260
37883,Sodium Bicarbonate  Caps,CGD,65
42509,Sodium Bicarbonate Amp 8.5% 50ml (1),NGD,3500
42510,Sodium Chlorde 0.9% 200ml,NGD,1950
42513,Sodium Chloride 0.9%  1000ml,NGD,3900
42512,Sodium Chloride 0.9% 500mls,NGD,6500
32639,Sodium chloride eye drops,NPD,0
38505,Sodium Clodronate,CGD,3150
11804,Sodium valproate + valproic acid CT,CGD,75.6
11042,Sodium Valproate Syrup,CGD,2950
42515,Sodium Valproate Tabs 200,CGD,300
16040,Sofradex Eye & Ear Drops 8ml,SPE,18500
42522,Soframycine + Hydroc Nsp,NGD,430
42523,Soframycine 1.25% Nasal S,NBD,2990
32672,Softeness Cream,NPD,0
35955,Solifenus Succinate 5mg,CGD,3150
37025,Solmucol 200,CBD,750
37140,Solphylex Syrup,OTC,2500
37059,Solphyllin Syrup,OTC,2800
42525,Solu-Cortef 500mg (1),NBD,12500
42526,Solu-Cortef Amp 100mg 2ml,NBD,4500
42527,Solu-Medrol 500mg Inj,NBD,18500
42528,Solu-Medrol Amp 40mg 1ml,NBD,3000
12341,Sorafenib tablets 200mg,CGD,3000
42058,Sotacor 80mg,CBD,130
32673,Sp Tablet (Paludoxin),NBD,300
36609,Spafil Tablets,NBD,52
42534,Spasfon 40mg Amps,SPE,49350
1017,Spasmo ,CBD,900
37062,Spersadex Eye Drops,NBD,14500
36549,Spinhalers Lomudal,CBD,59
42548,Spiractin 25mg,CBD,180
37503,Spiriva (Tiopropium),CBD,2000
43070,Spironolactone  50mg,CGD,100
43072,Spironolactone 100mg,CGD,150
42549,Spironolactone 25 Mg,CGD,80
37169,Sporanox 200mg,NBD,5000
1005,Stalevo  50mg,CBD,1400
37064,Staplex 50mg,CGD,100
37065,Status Tablets,CBD,100
36140,Staxom Tablets (Moxifloxacin),NBD,1200
43021,Stelazine 5mg,CBD,30
5062,Stemetil 25mg,NBD,180
37068,Stemetil 5mg Tablets,NBD,180
5056,Stemetil Inj 2ml,NBD,1800
5058,Stemetil Suppositories 25,NBD,2000
5057,Stemetil Suppositories 5m,NBD,1500
5059,Stemetil Syrup 100ml,NBD,715
5055,Stemitil Inj 1ml,NBD,890
2349,Sterimar      50  Mls,NBD,9900
13142,Stilnox 10mg ( Zolpidem ),CBD,950
2124,Stilnox 5mg ( Zolpidem ),CBD,650
42571,Stilpane Tabs 400mg (1),OTC,60
36887,Stopacid Syrup, OTC ,900
37069,Stopayne Capsules,OTC,130
37070,Stopayne Suspension,OTC,1700
37072,Stopayne Tablets,OTC,120
36910,"Streptokinase  1,500,000iu Inj",CBD,70000
42580,Streptomycine  Injection,CBD,2350
20277,Strocit 500mg,CBD,220
42581,Stugeron 25 Mg Tablets,CBD,320
42583,Sublimaze 10 Ml,NPD,0
36787,Sucralfate 500mg,CGD,1500
37079,Sudafed 60mg Tablets,NPD,0
37078,Sudafed Expectorant,NPD,0
37080,Sudafed Paediatric Syrup,NPD,0
2024,Suftelmil H,NBD,490
36550,Sulfabiotic Powder 10g,NGD,2000
35107,Sulfadoxine Pyrimethamine,NGD,150
20075,Sulphadimidine 500mg,NGD,130
43312,Sulphasalazine 500mg,CGD,450
37083,Sulphur Ointment 450g,NGD,900
36065,Sulpiride 50mg,CBD,250
36643,Sumatripan 50mg,CBD,1200
37130,Sunitinib 25mg,CBD,4500
13121,Supirocin  Cream,NBD,7500
41132,Supirocin Ointment 5g,NBD,7500
36745,Sylate,NBD,192
11022,Symbicord Turbohaler,CBD,39500
12410,Synalar C Cream 15g,NBD,18500
13048,Synalar C Ointment 15g,NGD,18500
12412,Synalar N Cream 15g,NBD,18500
36557,Synalar N Ointment 15g,NBD,18500
12409,Synap Forte,CBD,430
2091,Syndol Tablets,OTC,90
37007,Synflex ( Naproxen) 275mg,CBD,600
36587,Synriam TM,NBD,1500
42703,Syntocinon 10 Iu (Oxytoci,NBD,10000
42705,Syntometrine Amp 1ml (5),NBD,3250
42720,Syringe 5ml Luer Lock Ter,NGD,150
36814,Systane Ultra Eye Drop,CBD,22500
42724,Tagamet 200mg Tabs,CBD,450
42725,Tagamet Amps 200mg/2ml (1,CBD,4500
11184,Tagamet Tabs 400mg,CBD,850
37302,Tagara Forte  ( Secnidazole 1g ),NBD,325
36713,Tamazepam 10mg,NGD,520
12534,Tamoxifen Citrate 20mg,CGD,350
1091,Tamsul 0.4mcg,CBD,950
40021,Tamsulosin 400mcg,CGD,450
2255,Tapal 50mg,OTC,100
37545,Tareg    30,CBD,500
36047,Taxol   ( Paclitaxel ),CBD,150000
37097,Tears Naturale,NBD,9500
2310,Tegretol 200mg,CBD,625
43200,Tegretol Syrup,CBD,16500
37812,Telfast 10mg,CBD,800
10082,Telmatt,CBD,22880
10096,Telmisartan + Hcl,CGD,240
36380,Telmisarten 40mg,CGD,200
1018,Temozolamide 250mg,CBD,90
36322,Tenchlor Hs,CBD,200
2395,Tendia 20mg (teneligliptin),CBD,500
37788,Tenektaplase Injection,CGD,8000
36099,Tenofovir Disoproxil Fumarate,CBD,900
38515,Tenoretic 50/ 12.5mg,CBD,900
36562,Tenormin 100mg Tablets,CBD,1500
37633,Tenormin 25mg Tablets,CBD,975
36561,Tenormin 50mg Tablets,CBD,1200
36560,Tensiral 40mg Tablets,CBD,500
13160,Tenston Sl,CBD,4500
41702,Terbicil 250mg,NBD,2500
37729,Terbicil Tablets,CBD,2500
36997,Terbinafine  250mg,NGD,975
37663,Ternomin 25mg,CBD,975
36245,Terra-Cortril Eye Drops,NBD,5000
44030,Tessy Gel,NBD,2500
10017,Testestorone Implant Img,NPD,0
10045,Testosterone Depot Inject,NPD,0
42748,Tetanus  Toxoid  Vaccine,NPD,0
43000,Tetanus Serum,NPD,0
15032,Tetracycline  Eye Ointment,NBD,300
37581,Tetracycline 250mg,NBD,300
37103,Tetracycline Skin Ointment,NGD,900
37580,Tetralysal 300mg,CBD,900
15952,Texa 10,CGD,250
37957,Theophylline 400mg,CGD,80
42753,Theoplus Tabs 200mg (1),CBD,300
2248,Thiabendazole 500mg,NGD,150
42758,Thiamine Hcl 50mg,NBD,100
42759,Thiamine Hcl Vial 100mg 1,NBD,900
13071,Thrombophob Ointment 20g,NBD,4500
43109,Thyroxine 100mcg,CGD,160
36570,Thyroxine 25mcg Tablets,CGD,100
43110,Thyroxine 50mcg,CGD,125
37085,Tibolone Cycle,CBD,1500
36571,Tilazem 60mg (Zilden),CBD,1500
36572,Tilazem 90mg Tablets,CBD,1500
36220,Timolol 10mg,CGD,1650
10508,Timolol Meleate eye drops 5ml,CGD,2000
15027,Timoptol eye  Drops 5ml,CBD,18500
42763,Tinct Benzoin Comp 50ml (,NGD,11000
42764,Tinidazole 500mg,NGD,120
37099,Tiotropium Tablets 18 Mcg,CGD,1500
10043,Tixylix Linctus 100ml,NPD,0
32208,Tizanidine 2mg,NGD,200
41322,Tobrex  Eye  Drops,SPE,22500
32674,Today Pill,NPD,0
1055,Tofranil 10mg,CBD,180
37109,Tofranil 25mg Tablets,CBD,350
37874,Tolnaftate  Cream,NGD,3500
37705,Tonact (Atorvasta  +  Fenofibrate),CBD,450
37419,Topamax ( Topiramate ),CBD,500
36543,Toradol Injection,NBD,685
36660,Torasemide 5mg,CGD,2145
43300,Totamol 100mg,CBD,320
42793,Tracrium 25mg/2.5ml (1),NBD,8000
33582,Tradjenta,CBD,1950
12401,Tramacet 362.5mg,CBD,450
37683,Tramadol Denk Tab,OTC,650
37164,Tramadol(Tramal) Hcl,OTC,200
32609,Tramal 50mg Caps (1),OTC,200
42796,Tramal Amps 100mg/2ml (1),OTC,500
42797,Tramal Drops 10ml,OTC,6500
42798,Tramal Supp 100mg (1),OTC,2145
42799,Trandate Amps 20ml (5),CBD,7150
37257,Tranexamic Acid Iv 500mg,NGD,8000
35404,Transact Patches,NBD,2000
18141,Travocort Cream,NBD,8500
42734,Travogen Cream 20gm,NBD,9500
1021,Trazadone 50mg,CBD,350
37088,Trental 400mg,NBD,2100
42804,Trepiline Tabs 10mg (1),CBD,200
42805,Trepiline Tabs 25mg (1),CBD,350
36048,Tretinon (Retin -A) Cream,NBD,24500
37725,Tri- Plen ( Rimapril & Fe,CBD,800
42284,Triamcinolone Per Vial,NGD,2900
36568,Triaminic Syrup,NPD,0
40014,Triapin ( Felodipine & Ra,CBD,900
36499,Trifluoperazine 5mg,NGD,1075
36779,Trimcinolone Gel (Tess),CGD,2500
37793,Trimethoprim 200mg,NGD,300
43308,Triomune,NPD,0
36636,Triplen Forte Tabs (Ramipril + ),CBD,1200
36468,Tripride 2 Mg Tab,CGD,300
37867,Trisequens,CBD,1400
18057,Tritace 10mg,CBD,1500
20201,Troderm Cream,NBD,3770
36296,Tropicamide eye drops,NBD,1500
36855,Troponin,CBD,74000
38510,True Result Strips [Blood Sugar],CBD,14500
37773,Trusopt Eye Drops 2.5ml,CBD,22500
1019,Trustan 20mg,CBD,1800
36579,Tryptanol (Tryptazole) 75,CBD,475
1026,Tryptanol Syrup 100ml,CBD,3250
41133,Turbovas 10mg,CBD,2990
32611,Turbovas 20mg,CBD,3770
43332,Twynsta 80/10mg,CBD,1000
37427,Typhoid Vaccine 0.5ml,VAC,24500
35301,Ulgel Suspension ,NPD,0
37108,Ulsanic 1g,NPD,0
42819,Ulsanic Susp (100),NPD,0
2104,Ultop DSR,CBD,85
43209,Urazide 50mg,CBD,100
36853,Urbason Cream,NBD,3500
35409,Urimax 0.4mg,CBD,500
37154,Vagid Cl( Clindamycin & Clotrimazole ),NBD,2500
32676,Vagid Powder (Imazole V),NBD,2500
37043,Vagifem,CBD,1400
2149,Valium  2mg,NBD,80
2144,Valium  Inj 2ml,NBD,300
37886,Valium 10mg,NBD,500
37113,Valium 5mg,NBD,150
2145,Valium Syrup 1ooml,NBD,3250
42843,Valoid Amps 50mg (1),NPD,0
42844,Valoid Supp Adult 100mg,NPD,0
42846,Valoid Supp Paed 50mg (6),NPD,0
2233,Valoron Caps,NBD,95
42847,Valoron Drops 50mg/0.5ml,NBD,19500
1020,Valsadenk 160mg,CBD,398.59
37920,Valsartan (Diovan) 40mg,CBD,400
37020,Valus(Acelofenac + Paracetamol),NBD,150
40044,Vancomycin 500mg Inj,CGD,9500
20601,Varicella vaccine,VAC,48000
37754,Venlor 150mg,CBD,1500
36795,Venofer Infusion,CBD,3000
2237,Venoralbine 10mg (Vial),CBD,7800
44033,Venteze Inhaler Complete (1),CBD,2500
42869,Venteze Syrup (100),CBD,1800
42870,Venteze Tabs 2mg (1),CBD,50
10006,Ventolin 4mg,CBD,80
11617,Ventolin Inhaler,CBD,3500
8039,Ventolin Inj 1ml,CBD,4000
37805,Ventolin Nebules 5,CBD,1000
11646,Ventolin Resp' Solution-2,CBD,9000
1007,Ventolin Syrup 150ml,CBD,4000
8042,Ventolin Tablets 2mg,CBD,60
43018,Verahexal 240mg,CBD,500
43086,Verapamil 40mg,CGD,90
42873,Verapamil Hcl 240mg,CGD,450
37123,Vermox 100mg Tablets 2,NBD,500
12020,Vermox Suspension 100mg/5,NBD,3000
11039,Vertex 10mg,CBD,98
35952,Vesicare  5mg,CBD,1200
20165,Vibramycin 100mg,NBD,1450
42876,Vibrocil Nasal Drops,NBD,6500
43132,Vibrocil Nasal Spray,NBD,14500
37421,Vifex  Syrup,OTC,1500
37582,Vigamox Eye Drops,CBD,24500
37511,Vigorix Suspension,NPD,0
37125,Viminova Syrup,NPD,0
37126,Viminova Tablets,NPD,0
43309,Vinblastine Sulphate Injection,CGD,19000
37129,Vincristine 1mg Inj,CGD,1500
37168,Vincristine Inj 2mg (Oncovin),CGD,2500
10097,Vinnair inhaler,CBD,38000
37051,Vioxx  25mg,CBD,325
2025,Viraval 500mg tabs,NBD,2844
1096,Viread ( Tenofovir 300mg),CBD,2669.9
42878,Virogerm (5000)(1),NBD,59
42880,"Vitamin A 200,000iu",NGD,100
42881,Vitamin A 50000 Iu,NGD,200
42882,Vitamin A Capsules 10.000,NGD,52
42883,Vitamin B Co 10ml (1),NGD,600
42884,Vitamin B Co Amps 2ml (1),NGD,300
36056,Vitamin B Complex Suspens,NGD,900
22067,Vitamin B Complex Tabs,NGD,20
36611,Vitamin B Denk,NBD,100
42886,Vitamin B12 Amp 1000 Ug/M,NGD,2500
22023,Vitamin C 100mg Tablets,NPD,0
37383,Vitamin D3,CGD,435
42889,Vitamin E 200mg,NPD,0
42890,Vitamin E 400mg,NPD,0
42891,Vitamin K 1 Mg Amp,NGD,2500
41586,Vividrine Eye Drops,NBD,2470
42840,Voglibose 0.3 Mg,CBD,350
44034,Volix,CBD,350
37146,Volmax 4mg Tablets,CBD,720
3022,Voltaren 25mg,SPE,1200
3018,Voltaren 50mg,SPE,200
36586,Voltaren Emulgel 100g,SPE,14500
42893,Voltaren Emulgel 20g (1),SPE,3500
3062,Voltaren Injection 3ml,SPE,1200
3019,Voltaren Retard 100mg,SPE,600
42894,Voltaren Supp 12.5mg (1),SPE,350
11299,Voltaren Suppositories 50,SPE,500
42895,Voltaren Suppository 100m,SPE,850
11041,Warfarin 1mg,CGD,75
8038,Warfarin Caps 5mg,CGD,150
42904,Water For Injection 10ml (1),NGD,150
36212,Wellbutrin Sr,CBD,600
36590,Whitefield Ointment 50g,NGD,600
36402,Xalatan  Eye  Drops,CBD,19500
38516,Xanor 0.5mg,CBD,250
37153,Xanor 1 Mg,CBD,450
38518,Xanor Sr 1mg,CBD,750
15920,Xatral 10mg,CBD,1200
24023,Xeloda 2.5mg,CBD,3800
36039,Xenical 500mg,NPD,0
32678,Xipro Eye Drop ( Cipro 5ML),NBD,450
32677,Xipro-D Eye Drop,NBD,600
38517,X-Prep Liquid,NBD,9900
36724,Xykar 650mg ,CBD,250
42920,Xylocaine Spray 80g (1),SPE,19500
36079,Xylometazoline Hcl Drops,NGD,650
42927,Xyloproct Ointment,NGD,5000
42922,Xylotox 2% E80 C Adrenali,NBD,6500
42923,Xylotox 2% Se Plain Amp 1,NBD,6500
37417,Xyzal  ( Levocetirizine ) 2.5mg,CBD,700
22027,Yaz,CBD,600
37156,Zaditen 1mg Capsules,CBD,1500
15826,Zaditen Eye Drops,CBD,14500
37155,Zaditen Syrup 200ml,CBD,19500
36489,Zamanon 100mg inj (Dolacentron),CBD,2800
38511,Zanidip 10mg,CBD,600
37159,Zantac 150mg Tablets,CBD,1000
41157,Zantac 300mg Tabs,CBD,1800
37145,Zeet Cough Syrup,OTC,1500
36990,Zelitrex  Hcl,NBD,2500
12025,Zentel Suspension 10mg/5m,NBD,2500
12024,Zentel Tablets 200mg,NBD,2500
42929,Zentel Tabs  400mg,NBD,3500
41864,Zerodal 100mg,NBD,75
43302,Zestoretic 20mg,CBD,300
36591,Zestril 10mg Tablets,CBD,150
43080,Zestril 20mg,CBD,250
43079,Zestril 5mg,CBD,120
11032,Ziak 2.5mg,CBD,650
42932,Zinacef Vials 750mg (1),NBD,7500
42936,Zinc Oxide Paste 28g,NGD,3000
42938,Zinc Sulphate Eye Drops,NBD,1450
37058,Zinc Sulphate Tablets,NPD,0
32679,Zinc Tablet (Zinate),NPD,0
36839,Zineryt  Acne Lotion,SPE,14500
36594,Zinnat 125mg Tablets,NBD,800
37163,Zinnat 125mg/5ml Suspension,NBD,7500
36592,Zinnat 500mg Tablets,NBD,1800
42939,Zinnat Tablets 250mg,NBD,1200
20128,Zinolol Shampoo,NBD,3500
13144,Zirtec  Suspension,CBD,18500
13141,Zirtec 10mg,CBD,500
37734,Zocor 10mg,CBD,300
40024,Zocor 20mg,CBD,350
36597,Zofran (Ondancetron) 8mg Inj,CBD,4500
37927,Zofran 8mg tabs,CBD,450
37735,Zoladex 10.8mg,CBD,290000
37814,Zoladex 3.6mg,CBD,140000
36598,Zolcer 20mg,CBD,200
11023,Zoldipam 10mg,CGD,200
37744,Zoldonat 4mg,CBD,1400
40019,Zoloft 50mg,CBD,1200
37884,Zolpiderm 10mg,CGD,300
36429,Zommeta 4mg inj,CBD,90000
37840,Zopiclone 3.75mg,CBD,260
11034,Zorak 0.05 Gel,NBD,7150
36608,Zovirax 200mg Tablets,NBD,1800
36708,Zovirax Cream 10g,NBD,8500
36596,Zovirax Cream 20g,NBD,16500
36606,Zovirax Eye  5% Ointment 4.5g,NBD,9300
37096,Zyban Tablets,CBD,865
2350,Zyloprim 100mg,CBD,250
3056,Zyloprim 300mg,CBD,320
