36471,5-Fluoro-Uracyl 500mg/10ml,CBD,4500.00,,,
36844,Abilify  5mg ,CBD,2875.00,,,
37747,Acarbose 25mg,CBD,216.00,,,
36500,Accu-Check Active  25s,CBD,9000.00,,,
36058,Accu-Check Perfoma  25s,CBD,9000.00,,,
36564,Accular Eye Drops,CBD,20844.00,,,
36600,Accupril 10mg ,CBD,540.00,,,
37712,Accupril 20mg,CBD,800.00,,,
43144,Accupril 40mg,CBD,995.00,,,
41209,Accupril 5mg ,CBD,431.00,,,
43097,Accuretic 20mg,CBD,1007.00,,,
37719,Accutane 0.5mg,CBD,863.00,,,
41982,Accutrend Cholesterol Test Strips,CBD,50312.00,,,
41442,Acelofenac   100mg,NBD,150.00,,,
02244,Acelofenac + Paracetamol,OTC,180.00,,,
02246,Acepar MR,OTC,180.00,,,
36801,Acepar Original ,OTC,70.00,,,
42918,Acepar plus ,OTC,200.00,,,
02247,Acepar SP,OTC,180.00,,,
08025,Acetaminophen  Tabs 10mg,NGD,32.00,,,
36142,Acetazolamide Tablets 250mg,CGD,200.00,,,
37868,Aclasta 5mg/ 100ml,CBD,120000.00,,,
36144,Acne Clear,NBD,5500.00,,,
02002,Acnesol tretinoin,NBD,15000.00,,,
41015,Acnidazil(Miconazole 2% C,NBD,12500.00,,,
16047,Actifed Tablets,NPD,0.00,,,
36604,Actified Dm Linctus,NPD,0.00,,,
36764,Activelle,CBD,720.00,,,
36529,Actonel 25mg (Risedronate,CBD,10700.00,,,
43326,Actos Pioglitazone Hcl 15,CBD,1150.00,,,
36147,Actraphane Hmge Insulin 10ml,CBD,25000.00,,,
36146,Actraphane Pentils 3ml  ,CBD,11000.00,,,
36148,Actrapid Insulin 10ml,CBD,25000.00,,,
37872,Acular Eye  Drops,CBD,17500.00,,,
36605,Acyclovir 200mg Tablets,NGD,100.00,,,
16014,Acyclovir 400mg,NGD,180.00,,,
37171,Acyclovir Cream 15gm,NGD,1000.00,,,
36419,Acyclovir Eye Ointment,NGD,3000.00,,,
42903,Acyclovir Injection ,NBD,8000.00,,,
07089,Adalat 10mg,CBD,865.00,,,
37644,Adalat 30mg,CBD,1150.00,,,
36610,Adalat 5mg Capsules,CBD,555.00,,,
37243,Adalat 60mg,CBD,1295.00,,,
41023,Adalat Retard 20mg,CBD,1000.00,,,
36880,Adapalene Gel (Deriva),CBD,6500.00,,,
02344,Adenosine 2ml injection,NGD,3750.00,,,
05144,Adrenalin Injection,NGD,3900.00,,,
41029,Adriblastine 10mg,CBD,855.00,,,
41112,Adriblastine 50mg Injecti,CBD,24437.00,,,
36774,Advantan Cream,CBD,20125.00,,,
11122,Agarol Suspension 200ml,NPD,0.00,,,
43017,Akineton,CBD,250.00,,,
41046,Akineton Amp 5mg 1ml (1),NBD,4600.00,,,
37608,Alacetan  16mg,OTC,390.00,,,
36120,Alaxin Plus,NBD,350.00,,,
41077,Alaxin Suspension,NBD,2600.00,,,
12306,Alaxin Tablets,NBD,1250.00,,,
37174,Albendazole,NGD,145.00,,,
37202,Albendazole Syrup 5ml,NGD,750.00,,,
01008,Albusol IV infunsion,CBD,85000.00,,,
36446,Alchera 7.5mg,CBD,300.00,,,
36150,Aldactide Tabs 25mg,CBD,250.00,,,
36151,Aldactide Tabs 50mg,CBD,300.00,,,
36607,Aldactone 100mg Tablets,CBD,800.00,,,
35417,Aldara Cream,SPE,79100.00,,,
07030,Aldomet 250mg,CBD,185.00,,,
07031,Aldomet Tabs 500mg,CBD,460.00,,,
02369,Alendronate       35 Mgs,CGD,1500.00,,,
36981,Alendronic Sodium 70mg(Fosamex) Tabs,CGD,3000.00,,,
37622,Aleve (Naproxen),NBD,290.00,,,
41064,Alfuzosin Hcl 10mg,CGD,400.00,,,
42318,Allegra 30mg ( Fexofenadine 180 Mg),CBD,450.00,,,
36615,Allergon 25g Cream,NGD,865.00,,,
41065,Alloferin Amp 10mg 2ml (1,NBD,2700.00,,,
37208,Allopurinol 100mg,CGD,145.00,,,
40005,Allopurinol 150mg,CGD,260.00,,,
37717,Allopurinol 300mg,CGD,300.00,,,
37853,Almogran    12.5mg,CBD,105.00,,,
41782,Alomide 10ml,CBD,16530.00,,,
02222,Alpha One Tablets,CBD,1200.00,,,
36553,Alphagan Eye Drops,CBD,20500.00,,,
36620,Alphosyl Cream,NGD,1295.00,,,
43114,Alprazolam 1mg,CGD,200.00,,,
02334,Altacef 250mg,NBD,450.00,,,
02335,Altacef 500mg,NBD,700.00,,,
37098,Altacef Syrup,NBD,4500.00,,,
11077,Altacite Tabs,NPD,0.00,,,
32204,Altosec ,CBD,750.00,,,
36616,Aluminium Hydroxide Susp,NGD,700.00,,,
10116,Alupent Tablets,CBD,115.00,,,
37726,Alvesco Inhaler,CBD,24450.00,,,
36971,Amantadine Hcl 100mg,CGD,720.00,,,
41071,Amaryl 1mg,CBD,575.00,,,
43089,Amaryl 2mg,CBD,700.00,,,
36988,Amaryl 4mg,CBD,1200.00,,,
11964,Ambral Suspension 100mg,NBD,1200.00,,,
11968,Ambroxol Tab,NBD,210.00,,,
37032,Amethocaine Hcl Cream,NBD,3500.00,,,
41069,Amikacine (250mg)/Vial,NGD,41500.00,,,
41070,Amikin Vial 100mg 2ml (1),NBD,21500.00,,,
37756,Amilopres ( Amlodipine 5m,CBD,115.00,,,
37094,Amilopress(Amlodipine & Atenol),CBD,255.00,,,
40026,Amiloride Hydrochloride,CGD,50.00,,,
41072,Aminophilline Tab 100mg,CGD,21.00,,,
41074,Aminophylline Iv Injectio,CGD,300.00,,,
41075,Aminosteril 500ml Infusio,NBD,2965.00,,,
43088,Amiodarone 200mg,CGD,550.00,,,
12414,Amiodarone Hydrochloride,CGD,500.00,,,
41165,Amitone Syrup,OTC,2000.00,,,
41031,Amitone Tablets,OTC,145.00,,,
43315,Amitriptylline 25mg,NGD,20.00,,,
10075,Amlo Denk 10 Mg,CBD,340.00,,,
43128,Amlo Denk 5 Mg,CBD,190.00,,,
37014,Amloc 10mg,CBD,350.00,,,
37015,Amloc 5mg,CBD,200.00,,,
43126,Amlodipine 10mg,CGD,80.00,,,
37199,Amlodipine 5mg,CGD,40.00,,,
36593,Amlomide Eye Drop,NGD,1450.00,,,
37802,Amlopress At Tab,CBD,260.00,,,
36288,Amlozaar Plus Hct Tab,CBD,450.00,,,
36285,Amlozaar Tab,CBD,400.00,,,
41078,Amodiaquine 200mg Tabs (1,NGD,300.00,,,
41079,Amoxycillin  500mg,NGD,50.00,,,
36629,Amoxycillin 125mg/5ml  10,NGD,750.00,,,
20137,Amoxyl 250mg,NGD,40.00,,,
02003,Amoxylclave Denk 1000/125,NBD,1035.00,,,
02004,Amoxylclave Denk 500/62.5,NBD,472.50,,,
36154,Amphogel Suspension 250ml,NPD,0.00,,,
37166,Amphotericin B Injection 10mg,SND,172500.00,,,
37167,Amphotericin B Tablets,SND,5200.00,,,
02238,Ampicillin 1g + Salbactum injection,NBD,1476.00,,,
41084,Ampicillin 1g Vial (1),NGD,800.00,,,
36156,Ampicillin 250mg,NGD,50.00,,,
36480,Ampicillin Suspension,NGD,1000.00,,,
36626,Ampiclox 250mg/5ml Syrup,NGD,1900.00,,,
36158,Ampiclox 500mg,NGD,180.00,,,
41086,Ampiclox 500mg Amps (1),NGD,560.00,,,
36688,Anastrozole Tabs,CGD,1200.00,,,
02035,Androcur 50mg,CBD,1800.00,,,
41099,Anethaine Cream 25g (1),OTC,3200.00,,,
02370,Anethaine Oitment 25g,OTC,3300.00,,,
41100,Anexate Amp 0.5mg 5ml (1),SND,29000.00,,,
37769,Angeliq 0.5mg,CBD,850.00,,,
41101,Angised 0.5mg (Glyceryl T,CBD,250.00,,,
41103,Angispray 20ml (1),CBD,24500.00,,,
36042,Angizaar,CBD,2500.00,,,
32674,Anomex oitment,NBD,2500.00,,,
37720,Anomex Suppositories 5s,NBD,4200.00,,,
36819,Antagit Ds Gel,OTC,1200.00,,,
43112,Antalgin Syrup,OTC,1800.00,,,
23006,Anthisan 50mg Tablets 100,NGD,50.00,,,
23002,Anthisan Cream,NBD,3500.00,,,
41104,Anti-D Rhesugam Im,NGD,80000.00,,,
41107,Antiflam Tabs 200mg,NGD,20.00,,,
36049,Antihistamine Cream,NBD,750.00,,,
30001,Anti-Snake Venom Serum,NGD,30000.00,,,
15006,Antistin Privine Ophth. Drops 10ml,NBD,3100.00,,,
36469,Anusol Cream,NGD,6300.00,,,
11125,Anusol H.C. Suppositories,NGD,7900.00,,,
41110,Anusol Oint 25g (1),NGD,6300.00,,,
11127,Anusol Suppositories (Pac,NGD,6300.00,,,
06012,Apidra Injection,CBD,65000.00,,,
37619,Aprazolam Img,CGD,216.00,,,
36638,Apresoline 25mg,CBD,240.00,,,
36167,Aprinox (Bendrofluazide),CBD,185.00,,,
37142,Aprovel 300mg,CBD,1100.00,,,
36644,Aqueous Nasal Spray,NPD,0.00,,,
36169,Aralen Tabs 250mg,NBD,17.25,,,
05110,Arava 100mg,CBD,3000.00,,,
41123,Arbitel Am,CBD,300.00,,,
41126,Arbitel Av,CBD,350.00,,,
42271,Arbitel Av,CBD,350.00,,,
36289,Arbitel H Tab (Telmisartan + Hct),CBD,350.00,,,
11096,Arbitel40 Mg Tab,CBD,350.00,,,
11004,Arcoxia  120mg Tablets ,CBD,1750.00,,,
32202,Arcoxia 90mg,CBD,1150.00,,,
41117,Argyrol 1 %,NPD,0.00,,,
37804,Aricept ( Donepezil),CBD,2050.00,,,
42871,Arimidex  Img,CBD,4500.00,,,
41865,Aripiprazole,CGD,45.00,,,
10002,Aropax (Paroxetine( 20mg),CBD,1200.00,,,
41118,Artane 5mg (1),CBD,300.00,,,
12302,Artemeter (Artesiane),NBD,1150.00,,,
12310,Artemether  Suppository,NBD,500.00,,,
36083,Artemether Injection,NBD,1800.00,,,
12303,Artesiane Suppository Gel,NBD,750.00,,,
36273,Artesum 120mg Injection,NBD,3924.00,,,
12380,Artesun 30mg Injection,NBD,1566.00,,,
12381,Artesun 60mg Injection,NBD,2340.00,,,
37825,Artificial Tears,NBD,3000.00,,,
16030,Asacol 400mg,CBD,700.00,,,
36404,Asacol 800 Mg Tab(Mesacol Generic),CBD,1200.00,,,
40022,Ascoril Syrup,NPD,1.00,,,
44024,Asem 25mg,CGD,196.00,,,
37701,Asomex 2.5mg,CBD,150.00,,,
37702,Asomex 5mg,CBD,200.00,,,
36782,Asomex Lt,CBD,150.00,,,
41137,Aspirin 300mg Tabs,OTC,20.00,,,
41135,Aspirin Junior,OTC,40.00,,,
37143,Aspovor (Atorvastatin)  20mg,CBD,250.00,,,
41667,Astemizole 10mg,NGD,15.00,,,
41007,Asthalin Inhaler,CGD,2500.00,,,
41158,Asthalin Resp Solution 2.5ml,CGD,1500.00,,,
02005,Asudenk FDC  each,NBD,1962.00,,,
37627,Atacand (Candesartan) 16 Mg,CBD,1000.00,,,
37921,Atacand 8mg,CBD,1000.00,,,
14350,Atacand Plus,CBD,1075.00,,,
36184,Atenolol 25mg,CGD,50.00,,,
41025,Atenolol Denk 50mg,CBD,173.00,,,
36186,Atenolol Tablets 50mg,CGD,70.00,,,
36185,Atenolol Tabs 100mg,CGD,120.00,,,
41142,Aterax Tabs 25mg (1),NBD,250.00,,,
36648,Ativan 1mg,CBD,300.00,,,
34111,Atorvastatin 10 Mg,CGD,150.00,,,
37716,Atorvastatin 20mg,CGD,250.00,,,
36537,Atorvastatin 5mg,CGD,80.00,,,
32660,Atracurium 10mg inj,NGD,4500.00,,,
41144,Atropine Amp 0.5mg/Ml,NGD,600.00,,,
36649,Atropine Eye Drops 10ml,NGD,1500.00,,,
41146,Atrovent 40 Metered Dose Inhaler,CBD,16500.00,,,
41147,Atrovent Inhalant Solution ,CBD,14500.00,,,
43304,Atrovent Inhaler,CBD,16500.00,,,
36650,Augmentin 375mg,NBD,700.00,,,
36240,Augmentin 625mg,NBD,1200.00,,,
41152,Augmentin Iv Vials 1.2g (,NBD,3500.00,,,
36187,Augmentin Syrup 100ml,NBD,7500.00,,,
36200,Augpen 625 Mg,NBD,400.00,,,
36208,Augpen Syrup 100ml,NBD,4000.00,,,
37048,Austell(Cetrizine),CBD,120.00,,,
36911,Avalide 12.5mg,OTC,1300.00,,,
37607,Avalox 250mg,NBD,200.00,,,
37624,Avamys Nasal Spray,CBD,5500.00,,,
36870,Avelon 400mg,NBD,4500.00,,,
36955,Avelon 5mg,NBD,1300.00,,,
15922,Avodart (Dutasteride) 0.5mg,CBD,1600.00,,,
05039,Avomine 25mg ,NBD,720.00,,,
12382,Azarga Eye Drops ,CBD,25000.00,,,
37011,Azathioprine 50mg,CGD,450.00,,,
01099,Azelaic Acid Gel,NBD,9500.00,,,
36820,Azithromycin 250mg,NGD,350.00,,,
32605,Azithromycin 500mg,NBD,850.00,,,
36821,Azithromycin Suspension,NGD,1800.00,,,
42896,Baclofen 5mg,CGD,500.00,,,
36155,Bacquire (Emepenem& Cilastatin inj),NBD,21978.00,,,
32607,Bactoclav 1G,NBD,476.00,,,
36189,Bactrazine Cream 50g,NBD,4000.00,,,
36653,Bactrim  480mg,NBD,500.00,,,
41161,Bactrim Amp For Infusion,NBD,5250.00,,,
20175,Bactrim Syrup 240mg/5ml,NBD,4300.00,,,
36224,Bactroban 2% Nasal Oit,NBD,7910.00,,,
36191,Bactroban Oit/Cream,NBD,5500.00,,,
05041,Banisyl 25mg,NBD,7540.00,,,
36059,Barotec  Syrup,CBD,7800.00,,,
38513,Bayer Aspirin  100mg,CBD,156.00,,,
12383,Beclate Inhaler  200 Inhaler ,CBD,15000.00,,,
36068,Beclate Inhaler 100mcg,CBD,12500.00,,,
36663,Beclate Inhaler 50mcg,CBD,8500.00,,,
36192,Becloforte Inhaler 200dos,CBD,9000.00,,,
41170,Beclometasone Inhaler,CGD,4500.00,,,
41177,Beclomethasone  Nasal  Sp,CGD,9000.00,,,
37179,Beclomin Cream,NBD,500.00,,,
43314,Beclosone Cream,NBD,575.00,,,
41171,Beconase Aqueous Nasal Sp,CBD,9600.00,,,
16071,Beconase Inhaler [Aqueous,CBD,6000.00,,,
36193,Beconase Nasal Spray 200,CBD,6500.00,,,
41172,Becotide Inhaler (Beclome,CBD,8500.00,,,
21009,Becotide Inhaler 200dos,CBD,14500.00,,,
05075,Benadryl  Caps 25mg,NBD,500.00,,,
36655,Bendrofluazide 5mg,CGD,80.00,,,
10059,Benylin  Expectamine 100ml,NPD,0.00,,,
10058,Benylin  For Flu 200ml,NPD,0.00,,,
10042,Benylin  For Flu Tablets,NPD,0.00,,,
10057,Benylin Expectorant 100ml,NPD,0.00,,,
10055,Benylin With Codeine 100m,NPD,0.00,,,
30754,Benzac Gel 15g,NBD,5500.00,,,
10605,Benzac Gel 40g,NBD,14500.00,,,
36658,Benzathine Penicillin Inj,NBD,650.00,,,
12123,Benzhexol Hydrochloride 5,CGD,300.00,,,
32633,Benzosed (Midazolum) 1mg vial,NGD,6930.00,,,
13078,Benzoyl Peroxide (Panoxyl,NGD,4500.00,,,
41176,Benzoyl Peroxide Lotion(O,NGD,7200.00,,,
13077,Benzyl Benzoate Application B. P.,NGD,1800.00,,,
36661,Benzyl Penicillin Injection 5mega,NGD,650.00,,,
36246,Bepanthene Cream,NBD,5000.00,,,
36662,Beramin Syrup 100ml,OTC,1500.00,,,
22090,Berocca Efferversent Tabl,NPD,0.00,,,
41179,Berotec 100 Aerosol Comp,CBD,14500.00,,,
10500,Berotec Aerosol (Complete,CBD,1050.00,,,
41180,Berotec Inhalant Soln 0.1,CBD,1725.00,,,
05067,Berotec Syrup 100mcg,CBD,12500.00,,,
37855,Betacor Cream,NBD,800.00,,,
37856,Betacor-S Cream,NBD,900.00,,,
32606,Betaform 1g,NBD,150.00,,,
43205,Betagon Eye Drops 0.5%,CBD,16500.00,,,
36197,Betahistine Dhcl 8mg,CGD,400.00,,,
10054,Betalin Cough Syrup,OTC,0.00,,,
41188,Betamethasone Eye/Ear/Nose Drops,NGD,800.00,,,
41189,Betamethasone Topical Cre,NGD,600.00,,,
41190,Betamethasone Topical Oin,NGD,650.00,,,
41192,Betamethasone With Neomyc,NGD,1800.00,,,
37071,Betapyn Tablets,OTC,100.00,,,
41193,Betnesol And Neomycin Eye,NBD,900.00,,,
36670,"Betnesol Eye,Ear & Nasal",SND,14500.00,,,
15016,Betnesol -N- Eye & Ear  Drops 10ml,SND,22500.00,,,
36673,"Betnesol 'N' Eye, Ear & N",SND,14500.00,,,
12367,Betnovate 'C' Cream 15g,NBD,4500.00,,,
13018,Betnovate C Cream 30g,NBD,4500.00,,,
12368,Betnovate 'C' Oitment 15g,NBD,4500.00,,,
36675,Betnovate 'C'ointment 30g,NBD,4500.00,,,
36676,Betnovate Cream 30g,NBD,6500.00,,,
13019,Betnovate N Cream 15g,NBD,4500.00,,,
36679,Betnovate 'N' Cream 30g,NBD,6500.00,,,
12370,Betnovate 'N' Ointment 15,NBD,4500.00,,,
12373,Betnovate Ointment 15g,NBD,4500.00,,,
13024,Betnovate Scalp Applicati,NBD,12500.00,,,
36680,Bevidixine Forte Tablets,NBD,300.00,,,
42940,Bextra Tabs,NBD,940.00,,,
36203,Bezalip Tablets,CBD,1100.00,,,
32610,BG  Glutamine Tablet,OTC,50.00,,,
37746,Bicatero 50mg (Bicalutamide),CBD,1500.00,,,
12026,Bilarcil Tablets 100mg,NBD,1200.00,,,
12022,Biltricide Tablets 600mg,SND,5000.00,,,
36681,Bioplus 200mls,NPD,0.00,,,
36682,Bioplus Aferverscent Tabl,NPD,0.00,,,
36204,Bioral Gel 5g,NBD,4300.00,,,
37092,Biotane Solution,NBD,9775.00,,,
15007,Biotet Eye Ointment 3.5g,NPD,0.00,,,
41202,Bisacodyl Tablet 5 Mg (Oralax),NGD,100.00,,,
36684,Bisolvon 8 Tablets,NPD,0.00,,,
41203,Bisolvon Syrup 0.2%,NPD,0.00,,,
10503,Bisolvon Tablets 4mg,NPD,0.00,,,
22025,Bisoprolol 10mg,CGD,350.00,,,
11149,Bisoprolol 5mg,CGD,200.00,,,
41205,Bleomycin  I.V/I.M 15mg Injection,CGD,18000.00,,,
05065,Blocadren 10mg,CBD,290.00,,,
44026,Bonair (Salbutamol) Inhaler,CGD,2295.00,,,
36206,Borax Powder 100g,NPD,0.00,,,
36202,Bosentan 62.5mg Tabs (Bosentas),CBD,3500.00,,,
35407,Brexecam 25mg,NBD,600.00,,,
36359,Brimonidine (Alphagan ) Eye Drop,CGD,7500.00,,,
36689,Brinerdine Tablets,CBD,900.00,,,
12151,Bromazepam 3mg,CGD,150.00,,,
12152,Bromazepam 6mg,CGD,200.00,,,
41217,Bromhexine Tab 8mg,NPD,0.00,,,
37715,Bromocriptine 2.5mg,CGD,600.00,,,
41218,Bronchalene Syrup(Infants,NPD,0.00,,,
10011,Bronchalix Cough Syrup 10,OTC,1430.00,,,
41220,Bronchette Syrup (100),OTC,1725.00,,,
36690,Bronchomint Syrup 60ml,NPD,0.00,,,
37256,Broncleer ( Adult),OTC,0.00,,,
18142,Broncoped Syrup,OTC,0.00,,,
41221,Bronkalene Syrup(Adult),NPD,0.00,,,
41222,Bronkese Co Linctus (1),NPD,0.00,,,
36328,Brufen 200mg,NGD,15.00,,,
02313,Brufen 400mg,NGD,30.00,,,
36692,Brufen Syrup 100mls,NGD,900.00,,,
12347,Brustan,OTC,80.00,,,
41121,Budeflam Inhaler,CBD,18500.00,,,
36999,Bumetanide 1mg,CBD,800.00,,,
32636,Bupivacain inj 0.5 20ml,NGD,2430.00,,,
43125,Bupivacaine With Dextrose 0.05%,NBD,1200.00,,,
41228,Buscopan Co Amp 5ml (1),NBD,8500.00,,,
41229,Buscopan Syrup 0.1% (1),NBD,6500.00,,,
36694,Buscopan Tablets 10mg,NBD,600.00,,,
36696,Butazolidine 200mg,NBD,750.00,,,
02320,Butazolidine Inj 600mg/Ml,NBD,1100.00,,,
36698,Butrex,NBD,650.00,,,
36699,Butrex Injection 200mg,NBD,1200.00,,,
37614,Byetta Pen-Set 10mcg,CBD,65000.00,,,
37087,Byetta Pen-Set 5mcg,CBD,35000.00,,,
37110,Cabiven I.V 2553 Mls,CBD,3593.75,,,
37189,Caduet,CBD,750.00,,,
07056,Cafergot Suppositories,CBD,1106.00,,,
36702,Cafergot Tablets,CBD,1800.00,,,
36703,Caladryl Lotion,NBD,3600.00,,,
13079,Calamine Lotion Bp,NGD,900.00,,,
36210,Calcium,NPD,0.00,,,
43352,Calcium Active Denk,NPD,0.00,,,
41238,Calcium Chloride Amp 10%,NPD,0.00,,,
36209,Calcium Gluconate  500mg,NPD,0.00,,,
41239,Calcium Gluconate Amp 10%,NPD,0.00,,,
24012,Calcium Sandos Forte  500 Effervescent,NPD,0.00,,,
41236,Cal-C-Vita Sandoz,NPD,0.00,,,
36704,Calman 2mg,NBD,0.00,,,
36211,Calpol Syrup 100ml,NPD,0.00,,,
41325,Caltrate ( Calcium With V,NPD,0.00,,,
36171,Camcolit 250mg (lithium),CBD,145.00,,,
41242,Canalba Topical Cream 20g,NBD,1510.00,,,
41243,Canalba Vaginal Cream 50g,NBD,1295.00,,,
3645,Candesartan Cilexetil 2mg,CGD,320.00,,,
37922,Candid B Cream,NBD,2500.00,,,
36357,Candid Cream,NBD,2000.00,,,
20122,Candid Ear Drops,NBD,2500.00,,,
20125,Candid Eye Drops,NBD,1365.00,,,
20124,Candid Lotion,NBD,1500.00,,,
42841,Candid Mouth Paint,NBD,1500.00,,,
16013,Candid Powder,NBD,1500.00,,,
20100,Candid Tv Shampoo,NBD,4300.00,,,
37759,Candid V Gel,NBD,2500.00,,,
43048,Candid Vaginal Pesseries,NBD,1750.00,,,
36418,Candiderm Cream,NBD,2400.00,,,
37826,Canditral Tabs,CBD,650.00,,,
12354,Canesten Cream 20g,NBD,3735.00,,,
12355,Canesten Suspension 20ml,NBD,3450.00,,,
41247,Canstat Cream 15g (1),NBD,2445.00,,,
37707,Capecitabine 500g  Inj,CGD,15000.00,,,
13004,Capecitabine 500mg Tabs,CGD,150.00,,,
07986,Capoten Caps 25mg,CBD,65.00,,,
36215,Capoten Tabs 50mg,CBD,140.00,,,
13313,Capsolin Ointment 37g,NBD,965.00,,,
20019,Capsycline 250mg,NBD,87.00,,,
37718,Captopril 25mg,CGD,55.00,,,
43141,Captopril 50mg,CGD,80.00,,,
36160,Captopril Denk 25mg,CGD,106.00,,,
37799,Carbamazapine 100mg,CGD,29.00,,,
40007,Carbamazepine 200mg Tabs,CGD,40.00,,,
13189,Carbimazole  5mg,CGD,120.00,,,
12308,Carbonet  Tablets,NBD,87.00,,,
36163,Carboplastin  150mg Inj,CGD,25660.00,,,
36858,Carboplastin  450mg Inj,CGD,75900.00,,,
37858,Carboplatin  50mg Inj,CGD,21000.00,,,
36401,Cardilate  10mg,CBD,258.00,,,
43039,Cardioace Capsules,CBD,520.00,,,
41251,Cardura 4mg ,CBD,750.00,,,
37815,Cardura 8mg,CBD,900.00,,,
35981,Carloc 12.5mg,CBD,215.65,,,
35403,Carloc 6.25mg,CBD,173.00,,,
41134,Cartinex  500,CBD,1655.00,,,
37843,Carvedi Denk 25 Mg ,CBD,258.00,,,
37850,Carvedi Denk 6.25 Mg ,CBD,234.00,,,
37645,Carvedilol  6.25mg,CGD,150.00,,,
36451,Carvedilol 12.5mg,CGD,160.00,,,
43321,Carvedilol 25mg,CGD,175.00,,,
35405,Carvedilol 3.125mg,CGD,145.00,,,
37350,Cascara 5mg,NPD,0.00,,,
42120,Casodex 50mg Tabs,CBD,1725.00,,,
36711,Cataflam 50mg Tablets,NBD,350.00,,,
41252,Catapressan Tablets 0.15m,CBD,3600.00,,,
35972,Caustic Pencil,NGD,4000.00,,,
38507,Cebactum ,NGD,4550.00,,,
36781,Cebactum Iv,NBD,1785.00,,,
12384,Cebay Syrup,NBD,850.00,,,
40030,Ceclor 187mg/50ml Suspens,NBD,1725.00,,,
41255,Cedocard Tablets 10mg (1),CBD,650.00,,,
41256,Cefacidal 500mg Im/Iv Inj,NBD,800.00,,,
37049,Cefaclor 250mg,NBD,170.00,,,
40032,Cefaclor 375mg,NBD,360.00,,,
37024,Cefaclor 500mg,NBD,540.00,,,
41257,Cefadroxil 500 Mg Caps,NBD,720.00,,,
41258,Cefalexin  Syrup 125mg/5m,NGD,1725.00,,,
37060,Cefalexin 250mg,NGD,100.00,,,
17100,Cefaporex 200mg,NBD,360.00,,,
37876,Cefditoren Pivoxil(Spectr,NBD,5000.00,,,
43344,Cefixim 200mg,NGD,250.00,,,
43345,Cefixim Syrup,NGD,1170.00,,,
12385,Cefixime ( C-Tax -T),NBD,575.00,,,
41259,Cefotaxime Inj 1g,NGD,5035.00,,,
36218,Cefril Caps 250mg,NBD,1080.00,,,
36219,Cefril Inj 500mg/Vial,NBD,1500.00,,,
42317,Ceftriaxone Ig Injection,NGD,1150.00,,,
32612,Ceftriaxone Inj  (Santriax),NBD,1300.00,,,
02239,Ceftrisone- S,NBD,2250.00,,,
41261,Cefuroxime 250mg Tablet,NGD,505.00,,,
41263,Cefuroxime 500mg,NGD,750.00,,,
32615,Cefuroxime 500mg (Sanfurox),NBD,550.00,,,
41262,Cefuroxime Sod 750 Mg Inj,NGD,3500.00,,,
41139,Cefuroxime Suspension,NGD,3500.00,,,
41484,Celebrex 200mg,CBD,1150.00,,,
12348,Celecoxib capsules 200mg (Plenicoxib),NGD,75.10,,,
10506,Celemin 5% 500ml Iv,NPD,0.00,,,
36496,Celepid 500ml Iv,NPD,0.00,,,
21227,Celestamine Syrup,NBD,21500.00,,,
21101,Celestamine Tablets,NBD,600.00,,,
41264,Celestene Chronodose 1ml,NBD,425.00,,,
41265,Celestene Oral Drops0.05,NBD,1440.00,,,
41266,Celestone Nasal Drops(1),NBD,1200.00,,,
41267,Celestone Soluspan Vial 3,NBD,6000.00,,,
22134,Cell Cept 500mg,CBD,4300.00,,,
41174,Cellufresh Eye Drops,CBD,7200.00,,,
37806,Celluvisc  Eye Drops,CBD,11000.00,,,
16088,Cepacol Gargle/Mouthwash,NPD,0.00,,,
10044,Cepacol Linctus 100ml,NPD,0.00,,,
43310,Cephalexin 500mg,NGD,250.00,,,
36159,Cerebrex  200mg,CBD,1150.00,,,
36502,Certican 0.75mg,CBD,7500.00,,,
37354,Cerumol Ear Drops,NPD,0.00,,,
41514,Cervarix ,VAC,25000.00,,,
12386,Cetrimide Cream(Cetavlon),NGD,1725.00,,,
38521,Cetrizine 10mg,NGD,40.00,,,
36952,Cetrizine 5mg,NGD,25.00,,,
37458,Cetrizine Syrup,NGD,720.00,,,
41278,Charcoal Activated 500g,NGD,150.00,,,
38506,Chericof Syrup,NPD,0.00,,,
36719,Chlopromazine Hcl Injecti,NBD,575.00,,,
36165,Chlorambucil 2.5mg,CBD,130.00,,,
36168,Chlorambucil 5mg,CBD,260.00,,,
41279,Chloramine Tablets,NBD,26.00,,,
36277,Chloramphenicol 250mg,NGD,50.00,,,
37283,Chloramphenicol Ear Drops,NGD,650.00,,,
26014,Chloramphenicol Eye Drops,NGD,650.00,,,
15058,Chloramphenicol Eye Ointment 3.5g,NGD,300.00,,,
36230,Chloramphenicol Injection,NGD,300.00,,,
36231,Chloramphenicol Skin Oint,NGD,1000.00,,,
36226,Chloramphenicol Syrup 100ml,NGD,1365.00,,,
20074,Chloroquine Diphosphate B. P.,NGD,40.00,,,
37703,Chlorpheniramine 4mg,NGD,20.00,,,
02293,Chlorpheniramine Syrup,NGD,600.00,,,
41288,Chlorpromazine 100mg,CGD,25.00,,,
41289,Chlorpromazine 50mg/2ml (,CGD,350.00,,,
36785,Chlotride 25mg,CBD,575.00,,,
37013,Cholestyramine 4mg  ( Questran),CBD,800.00,,,
23005,Ciclosporin 75mg,CBD,145.00,,,
42954,Cifran 250mg (Ciprofloxacin Tab),NBD,72.00,,,
37004,Cilodex Ear Drops,NBD,19500.00,,,
41066,Cimetidine 200mg,CGD,40.00,,,
43061,Cimetidine 400mg,CGD,60.00,,,
43056,Cimetidine I.V,NGD,865.00,,,
36223,Cinnarizine 25mg,CGD,87.00,,,
37456,Cipralex   10mg,CBD,850.00,,,
37104,Cipramil 20mg,CBD,900.00,,,
41063,Cipro Denk 500,NBD,630.00,,,
02006,Cipro Denk 750 ,NBD,882.00,,,
42885,Ciprobay  Xr Ig Tab,NBD,800.00,,,
29005,Ciprobid 500mg Tablets,NBD,200.00,,,
29004,Ciprobiotic Tn Tab,NBD,150.00,,,
32616,Ciprofloxacin 250MG,NBD,50.00,,,
29003,Ciprofloxacin 500 Mg ,NGD,80.00,,,
36295,Ciprofloxacin Eye Drops,NGD,600.00,,,
37187,Ciprofloxacin Infusion,NGD,3100.00,,,
14060,Cisplatin 100mg,CGD,11645.00,,,
36621,Cisplatin 50mg Inj,CGD,9500.00,,,
13120,Citalopram 20mg,CBD,1100.00,,,
40008,Citicoline,CBD,575.00,,,
41300,Citro-Soda,NPD,0.00,,,
41301,Claforan 500mg Vial,NBD,820.00,,,
41302,Claforan Vial 1g,NBD,5395.00,,,
32617,Clamoxin 625,NBD,350.00,,,
43149,Clarithromycin 250mg,NGD,450.00,,,
43328,Clarithromycin 500mg,NGD,1000.00,,,
32604,Clarithromycin Syrup,NGD,3000.00,,,
43131,Clarityn 10mg,NBD,350.00,,,
41851,Clavix 75mg Tabs,CBD,300.00,,,
43123,Clavulin 375mg,NBD,400.00,,,
42941,Clavulin Susp.100ml,NBD,8500.00,,,
02007,clean bact ,NBD,630.00,,,
41306,Clemastine Injection,NBD,3250.00,,,
20603,clenic 100mcg,CBD,27000.00,,,
20604,clenic 200mcg,CBD,35000.00,,,
20602,Clenic 50mcg,CBD,16000.00,,,
13072,Clexane 40mg ( Enoxaparium Sod ),NBD,7500.00,,,
37523,Climen Tabs,CBD,600.00,,,
21036,Clindamycin 150mg,NGD,500.00,,,
36749,Clindamycin 250mg,NGD,900.00,,,
36756,Clindamycin Gel,NGD,5000.00,,,
37328,Clobazam,CGD,300.00,,,
36425,Clobetasol Cream,NBD,800.00,,,
37742,Clopidogredol 75mg,CGD,910.00,,,
36450,Clomid,NBD,500.00,,,
41308,Clomiphene Citrate  50mg,NGD,280.00,,,
37325,Clonazepam 2mg Tablets,CGD,450.00,,,
44001,Clonidine 25mg,CGD,250.00,,,
41310,Clopamon Amps 10mg 2ml (1,NBD,800.00,,,
41311,Clopamon Syrup 5mg/5ml (5,NBD,2500.00,,,
41312,Clopamon Tabs 10mg (1),NBD,100.00,,,
01009,Clopi denk 75mg,CBD,540.00,,,
44002,Clopidegrel 75mg (Plavix),CGD,200.00,,,
32618,Cloronova Ear Drops 5% 10,NBD,2800.00,,,
36232,Cloronova Ear Drops 5% 10,NPD,1.00,,,
43122,Clotrimazole Cream I%,NGD,1000.00,,,
02151,Clotrimazole Oral Drops,NGD,1900.00,,,
36084,Clotrimazole Powder,NGD,2200.00,,,
37220,Clotrimazole Vaginal Crea,NGD,1900.00,,,
36078,Clotrimazole Vaginal Pess,NGD,1800.00,,,
36718,Clotrisan Vaginal Tablets,NBD,1200.00,,,
43120,Cloxacillin  250mg,NGD,50.00,,,
41313,Cloxacillin 125mg/5ml,NGD,1250.00,,,
41240,Cloxacillin 250mg Inj,NGD,300.00,,,
41314,Cloxacillin Caps 500mg,NBD,100.00,,,
29009,Cloxacillin Syrup,NGD,1250.00,,,
37343,Coal Tar Gel,CGD,8500.00,,,
35982,Co-Approvel 150mg/12.5mg,CBD,900.00,,,
12304,Co-Arinate,NBD,8700.00,,,
36622,Coartem Tabs,NBD,2168.00,,,
37551,Cocodamol,NGD,50.00,,,
42723,Codeine Phosphate 30mg,NGD,100.00,,,
41321,Codeine Tablets 10mg,NGD,35.00,,,
37132,Co-Diovan 160mg,CBD,900.00,,,
37753,Co-Diovan 80/160mg,CBD,650.00,,,
36729,Col Caps,NPD,0.00,,,
02338,Colchicine 0.5 Mg,CGD,650.00,,,
36250,Colofac (Mebeverine) Hcl,NBD,450.00,,,
02125,Colosar Denk 50/12.5 Mg,CBD,336.00,,,
36107,Colpramine,NPD,0.00,,,
37827,Combigan eye drops,CBD,30000.00,,,
41628,Combinase Nasal  Spray  ,CBD,39000.00,,,
37562,Combivent Nebules,CBD,1200.00,,,
22049,Combivite Syrup,NPD,0.00,,,
22050,Combivite Tablets,NPD,0.00,,,
36268,Co-Micardis 80/ 12.5mg,CBD,800.00,,,
32619,Comit 100MG,NPD,0.00,,,
32620,Comit 50MG,NPD,0.00,,,
32621,Comit Gel,NPD,0.00,,,
37741,Concor 10mg,CBD,600.00,,,
13033,Concor 5mg,CBD,400.00,,,
36237,Contac Capsules 8's,NPD,0.00,,,
37681,Contour Ts Strips 25s,CBD,12000.00,,,
36473,Convulex ( Vaproic Acid),CBD,600.00,,,
17340,Coracten 20mg,CBD,585.00,,,
38512,Coralan 7.5mg,CBD,1800.00,,,
41341,Cordarone Tablets 200mg,CBD,900.00,,,
37857,Corenza C,NPD,0.00,,,
05099,Corgard 80mg,CBD,30.00,,,
41342,Correctol Eye Drops,NBD,5200.00,,,
36162,Cosopt Eye Drops,CBD,26500.00,,,
37139,Co-Tareg 80mg,CBD,600.00,,,
37617,Cotenomel 150mg,CBD,115.00,,,
41344,Cotexcin Paediatric Suspe,NBD,3500.00,,,
41345,Cotexcin Powder For Infan,NBD,3500.00,,,
08040,Cotrimoxazole 480 Mg,NGD,40.00,,,
36242,Cotrimoxazole Suspension,NGD,950.00,,,
37596,Cough syrup,NGD,2000.00,,,
01010,Covalsar Denk 160/12.5,CBD,480.00,,,
43124,Coversyl 10mg,CBD,800.00,,,
43320,Coversyl 4mg ,CBD,600.00,,,
43327,Coversyl Plus Tablets,CBD,800.00,,,
37851,Covocort,CBD,200.00,,,
37732,Coxaflam 15mg,NBD,400.00,,,
37077,Cozaar 100mg,CBD,450.00,,,
37923,Cozaar 25mg,CBD,200.00,,,
36054,Cozaar 50mg,CBD,550.00,,,
40031,Cozaar Compound,CBD,500.00,,,
36128,Crestor  20mg,CBD,1100.00,,,
41485,Crestor 10mg,CBD,600.00,,,
42286,Crestor 40mg,CBD,1300.00,,,
41024,Crestor 5mg,CBD,500.00,,,
36333,Cromal(Sodium Cromoglicate),NBD,2000.00,,,
15822,Cutivate Cream,NBD,3000.00,,,
43055,Cyanocobalamin 10ml ( Vit B12),NGD,3500.00,,,
36630,Cyclimycin Capsules,NBD,500.00,,,
41369,Cyclizine Syrup Adco 12.5,NGD,3500.00,,,
41370,Cyclizine Tabs Adco 50mg,NGD,250.00,,,
36427,Cyclogest Suppo 200mg,CBD,2100.00,,,
12350,Cyclokapron (Tranexamic500mg),CBD,700.00,,,
37711,Cyclokapron Injection,NBD,7000.00,,,
37848,Cyclopentolate Hcl 0.5/1% Eye Drop,NBD,2300.00,,,
41371,Cyclophosphamide  50mg/Tab,CGD,350.00,,,
41372,Cyclophosphamide 500mg I.V,CGD,4500.00,,,
41373,Cyclophosphamide Inj.1g,CGD,975.00,,,
41296,Cyclosporin ,NGD,2500.00,,,
41374,Cyklokapron Amp 0.1g/Ml 5ml (1),NBD,7000.00,,,
41375,Cyklokapron Tabs 500mg (1),NBD,700.00,,,
41376,Cyproheptadine Hcl    (Periactin],NBD,90.00,,,
41384,Cystone Tab,NBD,90.00,,,
2070,Cytarabine 1g Inj,CBD,32000.00,,,
41380,Cytotec 200mg 56/60,NBD,600.00,,,
11611,Dacarbazine 200mg Inj,CGD,18000.00,,,
2162,Dacarbazine 500mg Inj,CGD,23000.00,,,
36103,Dactinomycin 0.5mg,CGD,300.00,,,
36143,Dactinomycin Injection,CGD,23000.00,,,
13186,Daktacort Cream 15g,NBD,6500.00,,,
13192,Daktarin Cream,NBD,3750.00,,,
41385,Daktarin Lotion,NBD,7200.00,,,
36743,Daktarin Oral Gel 40g,NBD,12500.00,,,
36746,Daktarin Powder 20g,NBD,9500.00,,,
20202,Dalacin  'N' Capsules,NBD,220.00,,,
41390,Dalacin C Caps 150mg (1),NBD,500.00,,,
41391,Dalacin C Phosphate Amp 4,NBD,7500.00,,,
36747,Dalacin Top Solution,SND,14500.00,,,
37862,Danazol 200mg,CGD,750.00,,,
36748,Daonil Tablets,CBD,400.00,,,
41394,Dapamax 2.5 Mg Tablets,CBD,3250.00,,,
37055,Dapsone 100mg,CGD,300.00,,,
36750,Daraclor Syrup,NBD,5031.00,,,
20210,Daraclor Tablets,NGD,510.00,,,
36264,D-Artepp 40/320mg 6s Tab,NBD,409.86,,,
36271,D-Artepp 80/640mg 6s Tab,NBD,774.00,,,
36262,D-Artepp Dispersible 20/160mg 6s Tab,NBD,329.94,,,
41396,Daunorubicin  20mg Inj,CGD,25935.00,,,
44005,Dawaflox 250mg Capsules, NBD ,100.00,,,
36838,Dazole B Cream, NBD ,950.00,,,
41403,Decadron Vial 4mg/1ml 2ml,NBD,2156.00,,,
07021,Declinax  Tabs 25mg,CGD,90.00,,,
07050,Declinax Tablets 10mg,CBD,288.00,,,
36249,Decongestant Caps 20's,NBD,200.00,,,
36753,Deep Freeze Spray,NPD,0.00,,,
41406,Deep-Heat Ointment(35g),OTC,3500.00,,,
10018,Deleased  Syrup,NPD,0.00,,,
20041,Deltaprim,NPD,0.00,,,
41408,Demazin Syrup 100ml (1),NPD,0.00,,,
44007,Demona Eye Drops ,NBD,650.00,,,
32623,Demona N Eye Drop,NBD,400.00,,,
07003,Denk Air  Junior 10mg,CBD,495.00,,,
23003,Denk Air  Junior 4mg,CBD,400.00,,,
07002,Denk Air  Junior 5mg,CBD,424.00,,,
41417,Depakine 150 Ml(100mg/1.75ml),CBD,260.00,,,
31779,Deplatt 150mg /75mg,CBD,400.00,,,
21107,Depo Medrol Injection 1ml,NBD,3500.00,,,
21109,Depo Medrol Injection 5ml,NBD,5000.00,,,
18067,Depo Provera Injection 1m,NPD,0.00,,,
35406,Deriva Cream,CGD,3250.00,,,
37766,Dermacin Cream,NBD,1200.00,,,
41040,Dermazine Plus Cream,NBD,1000.00,,,
13025,Dermovate Cream ,NBD,8500.00,,,
36762,Dermovate Ointment ,NBD,8500.00,,,
36482,Deselex  Syrup,CBD,19500.00,,,
15942,Deselex 10mg,CBD,900.00,,,
07058,Deseril 1mg,NBD,50.00,,,
35983,Desferal ( Desferrioxamine 500mg ),NBD,215.00,,,
02008,Deslora Denk 5,NBD,576.00,,,
41061,Desloratadine 5mg,NBD,300.00,,,
37659,Desmopressin 0.1mg,CBD,1040.00,,,
41393,Detronorm 15mg,CBD,900.00,,,
15824,Detrusitol (Tolterodine),CBD,1500.00,,,
37416,Detrusitol 2mg,CBD,1200.00,,,
36758,Dexacip  Eye Drops,NBD,500.00,,,
36765,Dexacortin   Drops 5ml,NBD,1300.00,,,
29008,Dexacortin 5mg Tablets,NBD,200.00,,,
37423,Dexactic  Eye Drops,NBD,390.00,,,
32622,Dexamethasone Eye Drop,NBD,500.00,,,
41420,Dexamethasone Injection 4 Mg/Ml ,NGD,300.00,,,
41421,Dexamethasone Tabs 0.5mg,NGD,25.00,,,
36769,Dexone 0.5mg Tablets,NBD,25.00,,,
15010,Dexone Ear & Eye Drops 5ml,NBD,750.00,,,
30098,Dexone Eye Drops,NBD,500.00,,,
21020,Dexone Injection 5ml 5mg/,NGD,500.00,,,
36252,Dexorphan Linctus 100ml,NPD,0.00,,,
41422,Dextran 70% In Glucose,NBD,4500.00,,,
41423,Dextrose  50 % 500ml (1),NBD,2500.00,,,
41425,Dextrose 10% 1000ml,NBD,2500.00,,,
36770,Dextrose 5% In Water,NBD,2000.00,,,
41427,Dextrose 50% 5ml,NBD,1500.00,,,
41428,Dextrose Amp 50% 20ml (1),NBD,1100.00,,,
35029,Dextrose Inj 50% In Water,NBD,1100.00,,,
02001,Df 118 Forte 30mg,NBD,500.00,,,
36254,Diamicron Tablets 80mg,CBD,316.00,,,
41433,Diamox 250 Mg (1),CBD,503.00,,,
13159,Diane Tablets,CBD,750.00,,,
36294,Diapride 1 Mg Plus Metformin 500 Mg,CGD,200.00,,,
36292,Diapride 2 Glimepiride,CGD,250.00,,,
43136,Diazepam 5mg,NGD,25.00,,,
36627,Diclo Denk 100mg Retard Tab,NBD,158.00,,,
41085,Diclo Denk 50mg Tab,NBD,85.00,,,
35979,Diclo Denk Suppo 100mg,NBD,666.00,,,
02009,Diclo-Denk 100 Rectal ,NBD,666.00,,,
43111,Diclofenac 100mg,NGD,40.00,,,
41973,Diclofenac Gel,NGD,1000.00,,,
36693,Diclofenac Inj 75mg/ 1ml,NGD,500.00,,,
43130,Diclofenac Inj 75mg/ 3ml,NGD,300.00,,,
41441,Diclofenac Sod 100mg Supp,NGD,300.00,,,
36257,Diclofenac Sodium 50mg,NGD,30.00,,,
10047,Diclopar MR,OTC,144.00,,,
36256,Diclopar Tabs,OTC,80.00,,,
37172,Dietene 100mg Capsules,NPD,0.00,,,
02317,Differim    Gel,SND,24500.00,,,
41444,Diflucan 150mg Cap,NBD,9900.00,,,
36258,Diflucan Capsules 50mg,NBD,4000.00,,,
38504,Diflunisal 250mg,NBD,2250.00,,,
37767,Digeplex  500mg (Pancreatin Tab),CBD,300.00,,,
40010,Digoxin 0.25mg,CGD,100.00,,,
41445,Digoxin Tablets 0.625mg,CGD,65.00,,,
13122,Dilatrend 12.5mg,CBD,600.00,,,
43306,Dilatrend 25 Mg,CBD,600.00,,,
43042,Dilatrend 6.25 Mg,CBD,600.00,,,
37926,Diltiazem 180mg,CBD,800.00,,,
43081,Diltiazem 90mg,CBD,600.00,,,
11900,Diltigesic 30g gel,CGD,5400.00,,,
36775,Dimetapp [Paediatric],NPD,0.00,,,
36475,Dimethidene Nasal Spray,NBD,6500.00,,,
43116,Diotroxine 100mg,CBD,150.00,,,
21042,Diovan 160mg,CBD,800.00,,,
10033,Diovan 80mg,CBD,750.00,,,
41449,Diprosalic Cream(Betameth,NBD,4500.00,,,
41450,Diprosalic Lotion 15ml,NBD,4500.00,,,
41451,Diprosone Cream 30g(Betam,NBD,13500.00,,,
36738,Disipal(Orphenadrine Hcl2,CBD,90.00,,,
36777,Disprin 81mg,OTC,150.00,,,
36261,Distagesic Tabs ,OTC,70.00,,,
41456,Dithranol 1% 100gr (1),NBD,1500.00,,,
37743,Ditropan 5mg,NBD,600.00,,,
37783,Dobutrex (Tolbutamine),CBD,15000.00,,,
37160,Docetaxel 120mg Inj,CGD,110500.00,,,
36338,Docetaxel 80mg Inj,CGD,98000.00,,,
36771,Dolo Denk 50g,NBD,5100.00,,,
36878,Domperidone 10mg,CGD,90.00,,,
36871,Domperidone Oral Drops,NGD,900.00,,,
37801,Donepezil,CBD,950.00,,,
41460,Dopamine Inj 200mg/5ml,CGD,3510.00,,,
43134,Dormicum 15mg,CBD,1300.00,,,
43133,Dormicum 7.5mg,CBD,1000.00,,,
41463,Dormicum Inj,CBD,2500.00,,,
41459,Dormonoct 2mg,CBD,1200.00,,,
15940,Dorzolamide Hcl Eye Drops,CGD,10400.00,,,
36671,Dovabet ( Calcipotriol) Cream,CBD,34500.00,,,
37669,Dovate Cream,NGD,4500.00,,,
37414,Dovonex 100g Cream,CBD,29500.00,,,
37346,Dovonex Cream 30g,CBD,9500.00,,,
01095,Doxazosin 4mg,CGD,200.00,,,
41136,Doxazosin 8mg,CGD,350.00,,,
43138,Doxorubicin 10mg Inj,CGD,13500.00,,,
36096,Doxorubicin 50mg Inj,CGD,19000.00,,,
37200,Doxycycline 100mg,NGD,40.00,,,
41479,Drixine Nasal Drops Paed 0.025% ,OTC,4000.00,,,
41480,Drixine Nasal Spray Adult 0.05% ,OTC,4500.00,,,
36678,Drogenil ( Flutamide 50mg ),CBD,300.00,,,
36174,Dufenac 75mg caps,NGD,75.00,,,
41481,Dulcolax Suppository,NPD,0.00,,,
36266,Dulcolax Tablets 5mg,NPD,0.00,,,
36405,Duloxetene ( Cymbalta) 60 Mg,CBD,1800.00,,,
41343,Duocotexin  40/320mg,NBD,600.00,,,
37740,Duocotexin ( Child ),NBD,400.00,,,
37819,Duolin Inhaler,CBD,9500.00,,,
36595,Duotrav ( Travoprost & Ti,CBD,21000.00,,,
41483,Duphastone Tab 10mg (Dydrogesterone),CBD,1078.00,,,
11103,Durogesic 100mcg patches ,SND,150000.00,,,
11109,Durogesic 25mcg 5 Patches ,SND,40000.00,,,
11102,Durogesic 50mcg 5 patches ,SND,65000.00,,,
37527,Duvadilan Retard 40mg,CBD,900.00,,,
36176,Dynacirc 5mg,CBD,1200.00,,,
36850,Dynapar,OTC,30.00,,,
37061,Dynapar 100mg, OTC ,40.00,,,
36799,Dynapar Qps Spray 30ml, OTC ,6500.00,,,
35416,Dytor  20mg,CBD,150.00,,,
36705,Ebixa 5mg,CBD,1400.00,,,
41963,Ecodex Cream,NBD,1200.00,,,
43305,Ecotrin 81mg,CBD,160.00,,,
32624,Edoflox Drop,NBD,800.00,,,
37782,Efaderm Cream,NBD,6000.00,,,
36447,Efemoline ( Tetrahydrozole Hcl),CBD,15600.00,,,
36832,Efemoline Eye Drops,CBD,16250.00,,,
36788,Effersol 50g,CBD,975.00,,,
41501,Efortil (Etilefrine Chlor,CBD,3500.00,,,
37127,Efudix Cream,CBD,69000.00,,,
43015,Elantan(Isosorbide Dinitrate)20mg,CBD,400.00,,,
43062,Elantan(Isosorbide Dinitrate)50mg,CBD,575.00,,,
36786,Elidel Cream,CBD,29500.00,,,
36710,Elocon Cream,NBD,14500.00,,,
21037,Eltroxin 0.1mg,CBD,150.00,,,
41510,Eltroxin 50mcg,CBD,100.00,,,
37190,Elyvate Cream,NBD,800.00,,,
15840,Emadine   Drops/Ointment,NGD,2340.00,,,
43317,Emal ( Artemether) 150mg Im,NBD,2340.00,,,
01011,Enadenk 10,CBD,252.00,,,
40011,Enalapril 10mg,CGD,129.00,,,
37723,Enalapril 20mg,CGD,150.00,,,
41508,Enalapril 5 Mg (1),CGD,110.00,,,
36282,Enbrel ,CBD,270000.00,,,
37869,Enderm  Cream,NBD,800.00,,,
36867,Engerix B Vaccine,VAC,12500.00,,,
13224,Enhancin 325mg,NBD,420.00,,,
36490,Enhancin 625mg,NBD,650.00,,,
13225,Enhancin Suspension,NBD,5000.00,,,
43313,Ent Nasal Drops,NGD,2500.00,,,
41664,Ent Nasal Spray,NGD,2500.00,,,
02106,Epanutin & Phenobarbitone,CBD,280.00,,,
02109,Epanutin Caps 100mg,CBD,300.00,,,
41517,Epanutin Readymixed Paren,CBD,29500.00,,,
02111,Epanutin Suspension 100ml,CBD,26500.00,,,
41519,Ephedrine Nasal Drops 20ml (1),NPD,0.00,,,
37620,Ephedrine Sulphate 30mg/Ml,NPD,0.00,,,
37835,Epilim 500mg,CBD,900.00,,,
02256,Epilim Tabs 200mg,CBD,450.00,,,
36773,Epilium Syrup 100 Mg/Ml,CBD,28500.00,,,
32207,Epilive 500mg,CBD,600.00,,,
42582,Epipen ( Adrenaline& Sodi,SND,89500.00,,,
43037,Epizon Infant Supp,NPD,0.00,,,
37873,Epizone Cream,NPD,0.00,,,
41111,Eplerone 25mg,CBD,9360.00,,,
02108,Eprex  2000iu (Erythropoeitin),CBD,18000.00,,,
41507,Eprex 4000iu (Erythropoeitin),CBD,24000.00,,,
37195,Eprisone   50mg,CBD,1500.00,,,
41523,Ergometrine Amps 0.2mg (1,NGD,1800.00,,,
41524,Ergometrine Maleate 0.5mg,NGD,20.00,,,
37019,Erocort Inhaler ,CBD,2600.00,,,
36485,Erostin 10 Mg Tab (Ebastine Tab),CGD,300.00,,,
41526,Erythrocin Iv 1g (1),NGD,5000.00,,,
36270,Erythromycin   250mg,NGD,70.00,,,
41528,Erythromycin Caps/Tabs 50omg,NGD,150.00,,,
41529,Erythromycin Syrup 125mg/,NGD,1500.00,,,
36793,Erythropoietin 1pen Of 5 (2000 Iu),CBD,9000.00,,,
02034,Esem 2.5 (S.Amlodipine),CGD,130.00,,,
02036,Esem 2.5 (S.Amlodipine),CGD,175.00,,,
37818,Esomeprazole 20mg,CGD,150.00,,,
15026,Esomeprazole 40mg,CGD,250.00,,,
36161,Espiride 50mg,CGD,200.00,,,
36233,Essential Amino Acid Tabs,NPD,1.00,,,
41531,Estradiol 0.5mg,CGD,307.00,,,
41515,Estradiol Implant,CGD,2500.00,,,
36790,Estriol cream 15g,NBD,12500.00,,,
37885,Estropause 2mg,CGD,550.00,,,
37877,Estrophen 1mg,CBD,500.00,,,
41579,Ethamsylate 250mg Inj (1),NBD,3500.00,,,
02368,Ethylchloride Spray 100g,NPD,0.00,,,
41059,Etilefrine Chlorhydrate 5mg,CGD,650.00,,,
36953,Etoposide 100mg Inj,CBD,9500.00,,,
43137,Etoposide 50mg Tabs,CGD,1500.00,,,
36841,Etoricoxib 125mg,CBD,450.00,,,
36278,Eumovate Cream 30g,NBD,4550.00,,,
12379,Eumovate Ointment 25g,NBD,4550.00,,,
37816,Euphorbium Nasal Spray,CBD,8580.00,,,
36281,Eusol Solution,NPD,0.00,,,
37749,Exforge ( Amlod & Valsatan 80mg),CBD,900.00,,,
37842,Exocin Eye Drops,NBD,9500.00,,,
37008,Eyemist Gel,NBD,14500.00,,,
37524,Ezeterol ( Ezetimide ) 10mg,CBD,1800.00,,,
36267,Famotidine 20mg,CGD,100.00,,,
37577,Fansidar 525mg ROCHE,NBD,2000.00,,,
01012,Febuday 40mg,CBD,340.00,,,
01013,Febuday 80mg,CBD,500.00,,,
36808,Fefol Capsules,OTC,100.00,,,
42863,Felodipine 2.5mg,CGD,200.00,,,
37564,Femara ( Letrozole ),CBD,3500.00,,,
36929,Femigel 80g,CBD,16500.00,,,
32626,Fenamax Dt ,OTC,50.00,,,
32627,Fenamax Spas Tablet,OTC,40.00,,,
32625,FenamEx 500MG Tablet,NBD,40.00,,,
22130,Fenamex Spas,OTC,55.00,,,
32628,Fenamex Susp ,OTC,750.00,,,
43318,Fenofibrate 200mg,CGD,600.00,,,
08003,Ferrimed Syrup 100ml,OTC,800.00,,,
41127,Ferrous Sulphate caps,NGD,25.00,,,
37829,Fexofenadine Hcl,CGD,300.00,,,
41852,Fibrotin 160mg ( Fenofibrate ),CGD,450.00,,,
32629,Fibrotin Tablet,NBD,500.00,,,
35408,Fibrovas ( Fenofibrote & Atorvastatin 10,CBD,500.00,,,
37095,Finasten 5mg,CBD,600.00,,,
20123,Flagyl 200mg Tablets,NBD,100.00,,,
20118,Flagyl Injection 100ml,NBD,1500.00,,,
20121,Flagyl Suspension 200mg/5ml,NBD,750.00,,,
36030,Flammazine Cream,NBD,1200.00,,,
32672,Flavedon MR 35mg,CBD,950.00,,,
36859,Flexon(Orphenadine Citrat,NBD,500.00,,,
40039,Flixonase Nebules,CBD,21840.00,,,
40025,Flixonase Spray,CBD,17500.00,,,
03016,Flixotide 125mcg,CBD,18500.00,,,
12321,Flixotide 250mcg,CBD,28500.00,,,
42112,Flomax 400mcg,CBD,1500.00,,,
17380,Flomist Nasal Spray,CGD,8000.00,,,
39010,Florinef 0.1mg,CBD,350.00,,,
38514,Flouracil Ointment 20g,CGD,390.00,,,
37846,Flourouracil 500mg/10ml,CGD,5525.00,,,
37120,Flovent Inhaler,CBD,5850.00,,,
36298,Floxapen Syrup,NBD,4550.00,,,
36297,Floxapen Tablets,NBD,195.00,,,
37830,Flucloxacillin  Suspension,NGD,2500.00,,,
41635,Flucloxacillin 250 Mg(1),NGD,450.00,,,
41095,Flucona-Denk 100,SND,980.00,,,
41140,Fluconazole Denk 150mg,NBD,4800.00,,,
43113,Fluconazole Infusion,NGD,2500.00,,,
44008,Fluconzole 200 Mg Tab/Cap,NGD,250.00,,,
37075,Flucort Gel 15g (Synalar Cream),NBD,15600.00,,,
36548,Fludara 50mg,CBD,15600.00,,,
36972,Fludarabine 50mg Injection ,CBD,90000.00,,,
41638,Fluditec 2% Syrup-Childre,NPD,0.00,,,
44009,Fluditec Syrup 5%-Adult,NPD,0.00,,,
36817,Flumel Tablets,NGD,40.00,,,
44010,Fluoracil 1gm,CGD,5850.00,,,
36006,Fluoroucil 500mg Inj,CGD,5500.00,,,
43115,Fluoxetine 20mg,CGD,250.00,,,
37124,Fluphenazine Injection,CGD,2500.00,,,
37721,Flupirtine Meleate Capsules,CGD,390.00,,,
36754,Flurbiprofen (Froben),NGD,85.00,,,
36585,Fluromethalone (Fml) Eye D,NGD,4312.00,,,
37141,Flu-Stat Cap,NPD,0.00,,,
37817,Flu-Stat Syrup,NPD,0.00,,,
2390,Flustop Capsules,NPD,0.00,,,
36709,Flutamide 250mg,CGD,500.00,,,
41874,Flutex Syrup,NPD,0.00,,,
15040,Fluticasone Propionate,CGD,8000.00,,,
02249,Foetafine capsules,NPD,0.00,,,
22051,Folic Acid 5mg Tablets,NGD,20.00,,,
41081,Fopain Caps,OTC,90.00,,,
37828,Foracort Inhaler,CBD,12500.00,,,
41659,Foradil (Formoteril Hcl),OTC,1170.00,,,
41627,Forair Novolizer,CBD,32500.00,,,
37100,Forvent Tablets,CBD,1294.00,,,
11264,Fosamax(Alendronate Sodium),CBD,9000.00,,,
02137,Fosavance 70mg,CBD,7500.00,,,
41663,Fragmin Inj 5000i.U. 0.2ml (1),NBD,15000.00,,,
35989,Frusemide 40mg Tablets,CGD,50.00,,,
41668,Frusemide Inj 20mg/2ml 2m,CGD,300.00,,,
02029,Fucidin cream,NGD,12500.00,,,
32632,Funbact A Cream,NBD,1000.00,,,
36283,Funbact Cream,NBD,1200.00,,,
32637,Funbact Shampoo,NBD,4000.00,,,
20037,Fungex Jelly 20g,NBD,845.00,,,
20038,Fungex Powder 50g,NBD,845.00,,,
36554,Fungizone Tablets,CBD,115.00,,,
02319,Fusithalmic   Eye    Drop,NBD,8500.00,,,
03057,Fybogel,NPD,0.00,,,
32642,G Derm Cream,NBD,900.00,,,
37709,Gabapentin 100 Mg Cap,CGD,300.00,,,
44011,Gabapentin 300mg,CGD,450.00,,,
32640,Gacet Supp 125MG,OTC,100.00,,,
32641,Gacet Supp 250MG,OTC,130.00,,,
37775,Galvus 50mg,CBD,500.00,,,
41669,Gambex Shampoo,CBD,8500.00,,,
36426,Gamcitabine  1G inj,CBD,50000.00,,,
11055,Ganciclovir Injection,SND,33150.00,,,
37040,Gardasil Vaccine,VAC,65560.00,,,
10114,Gastrigel Tablets ,NPD,0.00,,,
36716,Gastrocid  Suspension,NPD,0.00,,,
43071,Gaviscon Susp 150ml,NPD,0.00,,,
41674,Gaviscon Susp 300ml,NPD,0.00,,,
43066,Gaviscon Tabs,NPD,0.00,,,
36173,G-bendazole 400mg,NBD,110.00,,,
11129,Gelusil Tabs,NPD,0.00,,,
36045,Gemcitabine 1g Inj,CGD,62400.00,,,
44012,Gemcitabine 200mg Vial,CGD,58500.00,,,
41684,Gemini Eye Drops 15ml (1),OTC,2500.00,,,
41632,Gemzer Injection,CBD,75000.00,,,
02032,Genotropin  1.0 Units,CBD,3500.00,,,
41685,Gentamicin 10mg Amps/1ml,NGD,500.00,,,
42946,Gentamycin 80mg Im,NGD,500.00,,,
32643,Gentamycin Eye Drop,NBD,400.00,,,
41686,Gentamycin Eye/Ear Drops,NGD,600.00,,,
36836,Gentian Violet Solution,NGD,750.00,,,
37928,Gingseng Capsules,NPD,0.00,,,
21201,Glibenclamide 5mg,CGD,15.00,,,
18045,Gliclazide 30mg,CGD,300.00,,,
37173,Gliclazide 60mg,CGD,350.00,,,
37676,Gliclazide 80mg,CGD,380.00,,,
37772,Glimepiride  2mg,CGD,200.00,,,
38508,Glimepiride 2 Mg Denk,CBD,246.00,,,
35959,Glimepiride 3 Mg Denk,CBD,246.00,,,
32644,Glipizide (Novoglip Tab),CGD,35.00,,,
37175,Glipizide 5mg,CGD,45.00,,,
37771,Glucobay 25mg,CBD,250.00,,,
36164,Glucophage 1000mg,CBD,175.00,,,
36840,Glucophage Forte  850mg,CBD,350.00,,,
36842,Glucophage Forte 500mg,CBD,220.00,,,
36715,Glucosamine & Chondroitin So4,NPD,0.00,,,
37724,Glucosamine & Omega 3 Oils,NPD,0.00,,,
36830,Glucovance,CBD,450.00,,,
41166,Glutamic Acid,OTC,100.00,,,
41277,Glutamic Acid Syrup,OTC,1725.00,,,
36403,Glutim Eye Drops,NBD,4312.00,,,
32645,Glycerin Supp 1GM,NPD,0.00,,,
44013,Glycerin Supp 2GM,NPD,0.00,,,
41703,Glycerine Supp Adult (1),NPD,0.00,,,
41704,Glycerine Supp Infant (1),NPD,0.00,,,
37781,Glyceryl Trinitrate Spray,CBD,28031.00,,,
37860,Glyceryl Trinitrate Tabs,CBD,215.00,,,
32646,Glycoben Tab(Glibenclamide),CGD,20.00,,,
41706,Glycomin Tabs 5mg (1),CBD,50.00,,,
37036,Glynase 5mg,CGD,43.00,,,
02027,Gramocef 400mg,NBD,1167.00,,,
02336,Gramocef syrup,NBD,3000.00,,,
01098,Grani Denk,NBD,5040.00,,,
36845,Griseofulvin 125mg,NGD,40.00,,,
41708,Griseofulvin Tab 250mg,NGD,100.00,,,
41709,Griseofulvin Tab 500 Mg(1,NGD,150.00,,,
32648,Gsuante  120MG Inj,NBD,2500.00,,,
32647,Gsunate  60MG Inj,NBD,1800.00,,,
43346,Gsunate Suppositories 200mg,NGD,2000.00,,,
43347,Gsunate Suppositories 50mg,NGD,1000.00,,,
32649,Gvither  Fort Inj,NBD,1000.00,,,
02072,Gyno Daktarin Cream,NBD,12500.00,,,
36854,Gyno Pevaryl Ovules,NBD,12937.00,,,
36312,Gyno Peveryl Cream,NBD,12937.00,,,
36852,Gynon Daktarin Ovules,NBD,11000.00,,,
18108,Gyno-Travogen Vaginal Tab,NBD,9500.00,,,
43059,Haemaccel 500ml,OTC,15000.00,,,
36816,Haemomin Capsules,NPD,0.00,,,
02291,Halcion 0.25mg,NBD,300.00,,,
22078,Haldol Depot (Haloperidol,CBD,9100.00,,,
36314,Halfan  Syrup,NBD,12500.00,,,
36315,Halfan 250mg ( 6s ) each,NBD,1333.00,,,
36857,Half-Strength Darrows Sol,NBD,5000.00,,,
42129,Haloperidol 5mg,CGD,35.00,,,
37063,Hatrazan (Cabamazine 50mg),CBD,100.00,,,
32651,Heal Soft,NPD,0.00,,,
36093,Hemovit Syrup,NPD,0.00,,,
41728,Heparin Amp 5000iu/Ml 1ml,NGD,3000.00,,,
42970,Heparin Cream,NGD,7500.00,,,
41729,Heparin Vial 1000iu/Ml 5m,NGD,3000.00,,,
41730,Heparin Vial 5000i.U/Ml 5,NGD,6000.00,,,
42994,Hepatitis A,VAC,45000.00,,,
42795,Hepatitis B vaccine,VAC,20000.00,,,
41774,Hep-Lock I.M,NBD,1950.00,,,
41731,Hexarone 200mg,CBD,13000.00,,,
41746,Hibtiter Vaccine,VAC,1300.00,,,
41160,Hilderm Cream,NBD,1000.00,,,
36320,Hismanal 10mg,NBD,260.00,,,
41749,Hismanal 1mg/1ml 100ml (1,NBD,2620.00,,,
02235,Hormorin 200mg,CBD,1500.00,,,
41020,Humalog Insulin,CBD,11000.00,,,
41073,Humalog Mix Insulin,CBD,11000.00,,,
37046,Human Chorioni Gonadotrophin,CBD,25000.00,,,
40036,Humulin (Long Acting),CBD,9500.00,,,
40038,Humulin N (Intermediate),CBD,9500.00,,,
40037,Humulin R (Rapid Acting),CBD,9500.00,,,
36166,Hydralazine 20mg,CGD,120.00,,,
36152,Hydralazine 25mg/2ml,CGD,850.00,,,
44014,Hydrea,CBD,600.00,,,
43069,Hydrochlorothiazide 25mg,CGD,20.00,,,
37369,Hydrochlorothiazide 50mg,CGD,40.00,,,
43311,Hydrocortison I.V,NGD,390.00,,,
37615,Hydrocortison Skin Ointme,NGD,900.00,,,
36299,Hydrocortisone  Tablets,NGD,200.00,,,
36783,Hydrocortisone Cream,NGD,900.00,,,
41756,Hydrocortisone Eye Drops,NGD,520.00,,,
36863,Hydrocortisone Eye Ointme,NGD,500.00,,,
41759,Hydrogen Peroxide 10 Vol,NPD,0.00,,,
37733,Hydroquinone 5%  Ointment,NPD,0.00,,,
36229,Hydroxychloroquine (Plasmoquine),NGD,260.00,,,
2332,Hydroxyurea 500mg Tabs,CGD,450.00,,,
41765,Hyoscine Amps 20mg/Ml,NGD,500.00,,,
37226,Hyoscine Butylbromide 10mg,NGD,180.00,,,
36864,Hypotone,CBD,2340.00,,,
02094,Ibandronic Acid 150mcg + Calcitriol ,OTC,168.30,,,
41780,Ibandronic Acid 150mcg Iv,CBD,8000.00,,,
02250,Ibuprofen + Paracet syrup,OTC,810.00,,,
02251,ibuprofen + paracetamol tablets,OTC,40.00,,,
44015,Ibuprofen 200mg Tablets,NGD,20.00,,,
36329,Ibuprofen 400mg Tablets,NGD,40.00,,,
41149,Ibuprofen Denk 400mg,OTC,167.00,,,
41772,Ibuprofen Syrup 100mg/5ml,NGD,750.00,,,
36536,Ichthammol ,NGD,700.00,,,
37193,Idrofos 150mg Ibandronic Acid,CBD,8000.00,,,
41818,Ifosfamide 2g+Mesna 1200mg Inj,CGD,38000.00,,,
41125,Imigran 50mg,CBD,1800.00,,,
36912,Imigran Nasal,CBD,25000.00,,,
44016,Imipenem Injection,NBD,8500.00,,,
41776,Imipramine 25 Mg(1),CGD,80.00,,,
17342,Imitinab 400mg Tabs,CGD,7500.00,,,
43351,Immuno Active Denk,NPD,0.00,,,
36884,Imodium 5mg,NBD,500.00,,,
29013,Imodium Syrup 50ml,NBD,4500.00,,,
13161,Imovane 7.5mg,CBD,900.00,,,
11150,Indapamide 1.5mg,CGD,120.00,,,
02400,Inderal 10mg,CBD,33.00,,,
02399,Inderal 40mg,CBD,78.00,,,
03035,Indocid 25mg Capsules,NBD,15.00,,,
36873,Indocid -R- Capsules 75mg,NBD,75.00,,,
03037,Indocid Suppositories,NBD,260.00,,,
41768,Indomethacin 25 Mg,NBD,15.00,,,
37304,Inegy(Ezetimitibe & Simvastatin),CBD,800.00,,,
37776,Infanrix,VAC,42500.00,,,
43050,Inferon Inj,NBD,19500.00,,,
41784,Inflammide 200 Metered Ae,CBD,19500.00,,,
37680,Inflanase 50 Aqueous Nasal Spray,CBD,18500.00,,,
37677,Inhibace Plus (  Cilazapr,CBD,19500.00,,,
21172,Insulin  Actrapid Mc,CBD,22500.00,,,
21161,Insulin Lente 100u/Ml,CBD,22500.00,,,
41804,Insulin Mixtard 30/70 100,CBD,45000.00,,,
38519,Insulin Mixtard 40mg Penfils,CBD,22500.00,,,
41806,Insulin Protaphane Hmge V,CBD,22500.00,,,
42968,Insulin Syringe/U100,CGD,100.00,,,
41807,Inteflora Caps (1),NPD,0.00,,,
37144,Intramin 8.5% Infusion,NBD,18690.00,,,
41809,Intrasite Gel 15g Applc (,NBD,4600.00,,,
35971,Iodine Tincture Bp 100ml,NGD,900.00,,,
37656,Ipecacuanha Tincture,NPD,0.00,,,
41816,Ipradol 5mg/2ml (1),CGD,1040.00,,,
17341,Ipratropium Bromide Inhaler ( Forvent),CGD,9500.00,,,
37102,Irbesarten 300mg,CBD,900.00,,,
37247,Irinotecan Hcl 100mg Inj,CGD,60000.00,,,
37333,Isodil 20mg,CBD,65.00,,,
36568,Isoflurane 250ml,NBD,50150.00,,,
25001,Isoptin 240mg,CBD,500.00,,,
41820,Isoptin Amp 5mg/2ml,CBD,17640.00,,,
07007,Isordil 10mg,CBD,78.00,,,
40017,Isorsobide 5mg,CGD,50.00,,,
44017,Isorsobide Dinitrate,CGD,150.00,,,
36877,Isorsobide Mononitrate 30,CGD,200.00,,,
43082,Isosorbide Mononitrate 60,CGD,250.00,,,
17200,Itopside,CBD,2600.00,,,
15944,Itraconazole Tabs,CGD,500.00,,,
43401,Ivermectin 6mg,NGD,500.00,,,
37865,Ivinotecan 100mg,CBD,6500.00,,,
32652,Janumet 50mg ( Metformin & Sitagliptin ),CBD,1000.00,,,
33535,Januvia,CBD,1800.00,,,
37128,Kabiven I.V 1026 Mls,CBD,85000.00,,,
43330,Kaletra Tablets,NBD,200.00,,,
36882,Kaolin Mixure 100mls,NPD,0.00,,,
08043,Karvol Inhalant Capsules,NPD,0.00,,,
41844,Kenacort 40 (Triamcinolone),NBD,2900.00,,,
41845,Kenacort Retard 80mg,NBD,70.00,,,
11040,Kenalog Inj 40mg,NBD,2900.00,,,
37852,Keppra 250mg ( Levetiracetam ),CBD,750.00,,,
37888,Keppra 500 Mg Tab,CBD,1250.00,,,
10254,Keppra 750mg,CBD,1800.00,,,
37713,Kessar 20mg,CBD,500.00,,,
32653,Ketaconazole Cream (Gv Zole),NBD,600.00,,,
37185,Ketamine 500mg I.V,NGD,700.00,,,
41847,Ketoconazole 200mg,NGD,70.00,,,
37023,Ketoconazole Cream,NGD,900.00,,,
41849,Ketoconazole Shampoo,NGD,4500.00,,,
41848,Ketoprofen  Caps,NGD,25.00,,,
38503,Ketotifen 1mg,NGD,400.00,,,
43349,kid flame,NGD,5500.00,,,
21207,Kilogest ( Norethisterone & Estradiol ),CBD,800.00,,,
01014,Kit Pylo-C,CBD,300.00,,,
41860,Klacid 250mg (1),NBD,2800.00,,,
42212,Klacid Syrup,NBD,9775.00,,,
36886,Konakion Injection,NBD,400.00,,,
36888,K-Y Jelly 50g,NPD,0.00,,,
37090,Kytril 1mg,CBD,8500.00,,,
36901,Kytril 2mg,CBD,16750.00,,,
02074,Lagactil 25mg Tablets,CBD,150.00,,,
02076,Lagactil 50mg,CBD,500.00,,,
02067,Lagactil Inj  1ml,CBD,585.00,,,
02069,Lagactil Syrup 100ml,CBD,780.00,,,
43127,Lamictal ( Lamotrigine ) 100mg,CBD,400.00,,,
37834,Lamictin 100mg,CBD,550.00,,,
41016,Lamictin 200mg,CBD,110.00,,,
37052,Lamictin 50mg,CBD,400.00,,,
42133,Lamisil  Cream,SND,12500.00,,,
42124,Lamisil 250mg,SND,4500.00,,,
06010,Lanoxin Inj 2ml,CBD,1600.00,,,
06013,Lanoxin Tabs  0.25 Mg,CBD,150.00,,,
37016,Lansoprazole 30mg,CGD,600.00,,,
10003,Lantus Injection,CBD,16200.00,,,
37791,Lanzor  15mg,CBD,1500.00,,,
37738,Lanzor 20mg,CBD,2000.00,,,
36834,Lasix 20mg,CBD,350.00,,,
18015,Lasix 40mg Tablets,CBD,500.00,,,
18010,Lasix Injection 2ml,NBD,1500.00,,,
36735,Lebactum Im / Iv,NBD,1755.00,,,
37774,Lefumide 20mg,CBD,455.00,,,
41877,Lenolax Enema Child 64ml,NPD,0.00,,,
41182,Lentogesic Syrup,NPD,0.00,,,
36706,Lesstrol 10mg,CGD,120.00,,,
44018,Lesstrol 20mg,CGD,180.00,,,
41320,Letrozole 2.5mg,CGD,1000.00,,,
42158,Leucovorin,CGD,5000.00,,,
36341,Leukeran 2mg,CGD,1400.00,,,
37442,Levamizole 40mg,NGD,130.00,,,
41868,Levetiracetam 100ml Syrup,CGD,15000.00,,,
37629,Levetiracetam 500mg,CGD,500.00,,,
36145,Levimix  3ml,CBD,14000.00,,,
36433,Levo Denk 250 Mg,NBD,864.00,,,
41584,Levo Denk 500 Mg Tab,NBD,1314.00,,,
36432,Levobact 750 Mg,CGD,900.00,,,
41983,Levocetrizine 5mg,CBD,180.00,,,
11806,Levocetrizine 5mg + Montelukast 10mg,CGD,61.20,,,
44019,Levodopa 50mg,CGD,520.00,,,
37067,Levofloxacin 500mg,NGD,450.00,,,
43350,Levofloxacin 750mg,NGD,500.00,,,
36966,Lexapro 10mg,CBD,400.00,,,
36892,Lexotan 3mg,CBD,400.00,,,
36891,Lexotan 6mg,CBD,650.00,,,
11074,Librax Tabs,CBD,450.00,,,
41879,Lignocaine  C Adrenalin (,NGD,730.00,,,
41880,Lignocaine 1% 5ml (1),NGD,800.00,,,
41881,Lignocaine 2% 20 Ml-5ml,NGD,650.00,,,
41882,Lignocaine 2% 50ml (5ml),NGD,650.00,,,
41883,Lignocaine 5% With Dextro,NGD,750.00,,,
37037,Liniment Rub 100ml,NGD,1500.00,,,
37196,Lipanthyl 200mg,CBD,1500.00,,,
43143,Lipitor 10mg,CBD,800.00,,,
37630,Lipitor 20mg,CBD,1000.00,,,
42279,Lipitor 40mg,CBD,1200.00,,,
41030,Lipitor 80mg,CBD,1500.00,,,
37610,Lipoic Acid,CBD,480.00,,,
43063,Liquid Paraffin 100ml,NPD,0.00,,,
15930,Lisinopril 10mg,CGD,90.00,,,
01248,Lisinopril 20mg,CGD,120.00,,,
41348,Lisinopril 5mg,CGD,60.00,,,
36899,Listerine ( And All Mouthwashes ),NPD,0.00,,,
41893,Liv 52,CBD,80.00,,,
11035,Livifem 2.5 Mg,CBD,1200.00,,,
41889,Livostin Eye Drops 0.5mg/,NBD,14500.00,,,
41890,Locabiotal 100 Metered Do,NBD,11500.00,,,
36900,Locacorten -V- Ointment 1,NBD,14500.00,,,
37639,Locasalene Ointment 15g,NPD,0.00,,,
32634,Loceryl cream,SND,20000.00,,,
16073,Locorten-Vioform Ear Drops 7.5ml,NBD,14500.00,,,
36809,Lofeminal,NPD,0.00,,,
32654,Lofnac 50MG Tablet,NBD,20.00,,,
32656,Lofnac Balm,NBD,850.00,,,
32657,Lofnac Gel,NBD,1000.00,,,
32658,Lofnac Inj,NBD,400.00,,,
32659,Lofnac P Tablet,NBD,25.00,,,
32661,Lofnac Sr 100MG,NBD,25.00,,,
32662,Lofnac Suppository,NBD,140.00,,,
32655,Lofnac-Ap 10'S,OTC,45.00,,,
36902,Lomotil,NGD,180.00,,,
41984,Lonart  Syrup,NBD,2500.00,,,
32663,Lonart ( 24 Tab),NBD,2500.00,,,
41186,Lonart D880/140,NBD,2500.00,,,
32664,Lonart Dispersable,NBD,1000.00,,,
32665,Lonart Ds,NBD,2500.00,,,
41197,Lonart Forte 40/240,NBD,2500.00,,,
32666,Lonart Forte( 12 Tab),NBD,2500.00,,,
37447,Lonart Tablets,NBD,2500.00,,,
36355,Loperamide 2mg Tablets,NBD,85.00,,,
41892,Loperamide Syrup Adco 1mg,NGD,2500.00,,,
02150,Lopid 20mg,NBD,850.00,,,
44020,Lopid 600mg,NBD,710.00,,,
37561,Lopresor ( Metoprolol ) 1,CBD,865.00,,,
36462,Loprox(Ciclopirox Olamine,NBD,540.00,,,
36807,Lorabid Syrup 100ml,NBD,1117.00,,,
37820,Loratadine 10mg,NGD,150.00,,,
32638,loratadine syrup,NGD,5000.00,,,
10610,Lorazepam Tablets,CGD,200.00,,,
37412,Losar Denk 100 Mg,CBD,430.00,,,
37093,Losar Denk 50 Mg ,CBD,260.00,,,
02299,Losartan 100mg,CGD,200.00,,,
44021,Losartan 25mg,CGD,100.00,,,
44022,Losartan 50mg,CGD,150.00,,,
44027,Losartan H,CGD,220.00,,,
36356,Losec 20mg Caps,CBD,2000.00,,,
36069,Lozenges ( All Types),NPD,0.00,,,
36904,Lucozide Liquid,NPD,0.00,,,
36358,Lugol's 10dine,NGD,2500.00,,,
37205,Lumefantrine - Artemether,NBD,2500.00,,,
41216,Lumigan Eye Drops ,CBD,25000.00,,,
37764,Lymecycline 300mg,NGD,900.00,,,
42995,Lyrica,CBD,1250.00,,,
02093,Lysoflam tabs,OTC,71.30,,,
41898,Maalox Syrup 250ml,NPD,0.00,,,
41899,Macaine Plain Amp 0.5% 10,SND,44500.00,,,
41900,Macaine Spinal Amp 0.5% 4,SND,47500.00,,,
41901,Macaine Spinal Amp Cdextr,SND,47500.00,,,
32667,Macrobid 100mg ( Nitrofurantoin ),NGD,2450.00,,,
18049,Macrodantin 100mg,NBD,1500.00,,,
36907,Magnesium Hydroxide Mixture,NGD,1000.00,,,
43083,Magnesium Sulphate Inj,NGD,600.00,,,
41905,Magnesium Trisilicate Sus,NGD,1000.00,,,
36908,Magnesium Trisilicate Tab,NGD,30.00,,,
36640,Malafin  Syrup,NBD,1300.00,,,
20042,Malaquin 250mg,NBD,150.00,,,
36625,Malarone  Tablets,NGD,5000.00,,,
36920,Maxalt 10mg,CBD,12500.00,,,
37646,Maxiplex Injection 10ml,NGD,600.00,,,
37647,Maxiplex Tablets,OTC,104.00,,,
41919,Maxitrol Eye Drops 5ml (1),NBD,22500.00,,,
37076,Maxobeta Cream 15g ,NBD,900.00,,,
43064,Maxolon 10mg,NBD,250.00,,,
30017,Measles  Vaccine,VAC,24500.00,,,
42874,Mebendazole (Vermox 100mg,NGD,350.00,,,
41920,Mebendazole Syrup 100mg/5,NGD,845.00,,,
36374,Mebeverine Hcl  135mg,CGD,350.00,,,
12132,Medrol 4mg,NBD,180.00,,,
36917,Mefenamic  Acid 500mg,NGD,60.00,,,
44023,Mefenamic Acid 250mg,NGD,40.00,,,
21090,Mefenamic Acid Syrup,NGD,1200.00,,,
41926,Meflam Tabs (1),NBD,1800.00,,,
02348,Mefloquine 250mg,NPD,0.00,,,
36879,Melatonin 6mg,CBD,400.00,,,
36922,Melmet Syrup,CGD,1495.00,,,
37684,Meloxicam,NGD,200.00,,,
36687,Melphalan (Alkeran) 2mg,CBD,3000.00,,,
02292,Menactra vaccine,VAC,60000.00,,,
41928,Meningococcal Vacc S/Dose,VAC,35000.00,,,
41932,Mepyramine Maleate Cream,NGD,750.00,,,
02073,Mercaptopurine  50 Mgs,CGD,104.00,,,
43117,Meropenem Injection,SND,15000.00,,,
36477,Mesacol Suppositories,CBD,800.00,,,
36472,Mesna 200mg Inj,CGD,2340.00,,,
36391,Mestinon(Pyridostigmine),CBD,550.00,,,
01015,Metformin + Vildagliptine,CBD,1000.00,,,
02346,Metformin 1000mg,CGD,70.00,,,
40013,Metformin 500mg,CGD,40.00,,,
11807,Metformin 500mg + Glimepiride 1mg ( Glimiwel),CGD,83.00,,,
32631,Metformin 500mg + Glimepiride 2mg ( Glimiwel),CGD,92.00,,,
40009,Metformin 850mg,CGD,60.00,,,
37375,Metformin Denk 1000 Mg,CBD,280.00,,,
41091,Metformin Denk 500mg,CBD,100.00,,,
41092,Metformin Denk 850mg,CBD,154.00,,,
36293,Methotraxate 10mg,CGD,1000.00,,,
36935,Methotrexate  1g  Inj,CGD,19000.00,,,
41938,Methotrexate 2.5mg/Tab,CGD,300.00,,,
37777,Methotrexate 50mg Inj,CGD,7000.00,,,
36098,Methylated Spirit,NPD,0.00,,,
36390,Methyldopa 250mg,CGD,90.00,,,
41377,Methylprednisolone 40mg Inj,NGD,2000.00,,,
43047,Metochlopromide 10mg/2ml,NGD,800.00,,,
37609,Metochlopromide 5mg,NGD,30.00,,,
43065,Metoclopramide  10mg,NGD,40.00,,,
37839,Metoclopromide Syrup,NGD,850.00,,,
36037,Metoprolol 50mg,CGD,250.00,,,
37655,Metronidazole 200mg,NGD,20.00,,,
41875,Metronidazole Gel (Metrog,NGD,1500.00,,,
41940,Metronidazole Injection 500mg/100ml,NGD,900.00,,,
36263,Metronidazole Syrup,NGD,800.00,,,
36024,Micardis 80mg,CBD,900.00,,,
02016,Miclocin Cream,NBD,900.00,,,
43202,Miconazole Cream,NGD,800.00,,,
36778,Miconazole Eye Drops 1%,NGD,750.00,,,
36943,Microgynon,NPD,0.00,,,
36940,Microphyllin  125mg,CBD,250.00,,,
13162,Midazolam 2mg,CGD,325.00,,,
37563,Migranil 250mg,CBD,250.00,,,
07075,Migril Tablets,CBD,750.00,,,
02033,Minerva,CBD,400.00,,,
43316,Minocycline 100mg,SND,900.00,,,
21079,Minoxidil 5% gel,CBD,19500.00,,,
41683,Minoxidil 5mg,CBD,450.00,,,
12029,Mintezol Tabs 500mg,NBD,325.00,,,
37259,Mirtrazipine 15mg,CBD,1135.00,,,
38000,Misoprostol,CGD,65.00,,,
36970,Mmr Vaccine,VAC,24500.00,,,
37758,Mobic  7.5mg,NBD,150.00,,,
41970,Modecate Amp 25mg 1ml (1),CBD,3250.00,,,
02199,Modecate Inj 1ml,CBD,1040.00,,,
18030,Moduretic 20mg,CBD,560.00,,,
41721,Monair  ( Montelukast & S,CBD,900.00,,,
36619,Monopril 10mg,CBD,455.00,,,
44028,Moral 10mg (Montelukast),CGD,153.00,,,
44031,Moral 4mg (Montelukast),CGD,75.01,,,
44032,Moral 5mg (Montelukast),CGD,93.01,,,
02345,Morphine 100ml,NGD,13000.00,,,
37135,Morphine 30mg Tablets,NGD,130.00,,,
36946,Morphine Injection (Cd),NGD,1300.00,,,
36947,Motilium Suspension,CBD,6500.00,,,
11152,Motilium Tablets 10mg,CBD,350.00,,,
36860,Moxaforte  Dry Syrup, NBD ,2250.00,,,
36861,Moxaforte Capsules, NBD ,150.00,,,
36949,Mucaine Suspension,NPD,0.00,,,
41981,Mucoasthalin syrup,CGD,1600.00,,,
37539,Multivitamin Syrup,NPD,0.00,,,
22102,Multivitamin tab,NPD,0.00,,,
37870,Mupicron   Ointment,NGD,7500.00,,,
37662,Murine Eye Drops 15ml,NPD,0.00,,,
37044,Mycospor(Bisonazole),NBD,9500.00,,,
37084,Mycospore Cream,NBD,10500.00,,,
20198,Mycota Cream,NBD,9750.00,,,
37665,Mycota Powder 70g,NBD,10500.00,,,
20265,Mycota Spray,NBD,12500.00,,,
43035,Myprodol Caps,OTC,100.00,,,
42121,Myprodol Syrup,OTC,2600.00,,,
41986,Nalidixic Acid 500mg (1),NGD,90.00,,,
12346,Nalidixic Acid Syrup,NGD,4550.00,,,
12345,Nalidixic Acid Tabs  250mg,NGD,72.00,,,
02318,Naprosyn 250mg,NBD,120.00,,,
37667,Naproxen Tablets    ,NGD,180.00,,,
16008,Nasonex Nasal Spray,NBD,21500.00,,,
36835,Natacyn  Opthalmic Sol,CBD,7500.00,,,
42285,Natrilix 1.5mg,CBD,400.00,,,
36760,Nauma Pain Balm,NBD,900.00,,,
38523,Navelbine 50mg Iv,CBD,5600.00,,,
32650,Nebilet,CBD,985.00,,,
36290,Nebilong 5 Mg + Hct Tab,CGD,350.00,,,
36437,Nebivolol 5mg,CGD,550.00,,,
37678,Nebuliser Solution,CGD,1200.00,,,
42082,Neo Medrol Acne Lotion,NBD,1950.00,,,
15013,Neodexone Eye & Ear Drops,NBD,690.00,,,
15012,Neodexone Eye Ointment 3.,NBD,400.00,,,
42018,Neo-Mercazole 5 Mg  Tablet,CBD,650.00,,,
42020,Neomycin + Bacitracin  15,NGD,520.00,,,
36534,Neomycin Cream,NGD,650.00,,,
15950,Neophedan Caps,NBD,650.00,,,
36959,Neosporin Ointment 3.5g,NBD,650.00,,,
36958,Neostigmine Injection,NBD,1300.00,,,
13332,Nerisone Cream 15g,NBD,9500.00,,,
13114,Nerisone Ointment 15g,NBD,9500.00,,,
01058,Neulin SR 500mg,CBD,1000.00,,,
36985,Neupogen Ampoule 5mcg 1of 5,CBD,41000.00,,,
37157,Neurobion(Vit B- Complex),CBD,450.00,,,
16025,Neurontin 300mg(Gabapenti,CBD,650.00,,,
02044,Neurozan Capsules,CBD,600.00,,,
37612,Nevirapine Tabs,NPD,0.00,,,
37836,Nexium 20mg,CBD,1200.00,,,
15025,Nexium 40mg,CBD,1800.00,,,
36428,Nicorandil 10mg (Ikorel),CGD,450.00,,,
22056,Nicotinamide Bp 100mg Tab,NGD,450.00,,,
37845,Nicotine Patches,NPD,0.00,,,
41088,Nifedi Denk 10mg Retard,CBD,104.00,,,
36628,Nifedi Denk 20mg Retard,CBD,140.00,,,
42030,Nifedipine  20mg,CGD,50.00,,,
42029,Nifedipine 10mg,CGD,30.00,,,
37955,Nifedipine SR 10MG,CGD,60.00,,,
37956,Nifedipine SR 20MG,CGD,90.00,,,
37837,Nitrazepam 5mg,CGD,250.00,,,
42037,Nitrofurantoin 100mg Tabl,NGD,500.00,,,
43129,Nitrofurantoin 50mg,NGD,60.00,,,
43092,Nitroglycerine 4mg Dose,CGD,300.00,,,
20281,Nizoral 200mg,NBD,500.00,,,
42040,Nizoral Cream 15g,NGD,6500.00,,,
44025,Nizoral Shampoo,NBD,12500.00,,,
36961,Nizoral Suspension.,NBD,4500.00,,,
36360,Nolotil,OTC,234.00,,,
42043,Nootropil Tab,CBD,500.00,,,
42047,Norethisterone  200mg (1),NGD,1000.00,,,
42048,Norfloxacin  400mg  Table,NGD,70.00,,,
10513,Norit 200mg,NBD,137.00,,,
36965,Normet Syrup,NBD,900.00,,,
36129,Normet Tablets,NBD,100.00,,,
16083,Norvasc 10mg,CBD,1000.00,,,
16089,Norvasc 5mg,CBD,850.00,,,
42050,Noscapine 15mg,NGD,94.00,,,
36683,Novarapid Insulin 10ml,CBD,15500.00,,,
36310,Novarapid Pen-Set 3mls,CBD,12000.00,,,
42019,Novofine Needles 30g,CBD,200.00,,,
35960,Novoglip 5mg ( Glipizide ),CGD,60.00,,,
42060,Novomix 30 (Flexpen),CBD,15500.00,,,
15954,Novonorm 1mg (Repaglinide,CBD,155.00,,,
42052,Novorapid Pen-Set 3ml,CBD,12000.00,,,
13140,Nugrel,CBD,450.00,,,
37323,Nurofen 200mg,NBD,180.00,,,
37331,Nurofen Syrup  100ml,OTC,5900.00,,,
42068,Nystatin Oitment,NGD,1100.00,,,
42945,Nystatin Oral Drops 20ml,NGD,850.00,,,
43201,Nystatin Pesseries,NGD,760.00,,,
42066,Nystatin Tablets,NGD,40.00,,,
02017,O2 susp (Oflox + Ornidazole) ,NBD,990.00,,,
02018,O2 Tab (Oflox + Ornidazole) ,NBD,150.00,,,
37602,Ocuton (Oxedrine Hcl2) 0.,NBD,17875.00,,,
42067,Oestradiol 20mg Implant,CBD,49500.00,,,
21014,Oestrogen Patches,CGD,17968.00,,,
37849,Ofloxacin 200mg,NGD,150.00,,,
36497,Ofloxacin Eye Drops 0.3%,NGD,1800.00,,,
36924,Olmesartan 20mg,CGD,500.00,,,
36291,Olmesartan Medoxomil 10mg,CGD,350.00,,,
42069,Omega 3,NPD,0.00,,,
40012,Omeprazole 20mg,CGD,40.00,,,
37445,Omicap 20,CGD,40.00,,,
40040,Oncovine  1mg,CBD,1000.00,,,
01016,Ondasetron Denk 44mg,CBD,90.00,,,
41894,Ondasterone 4mg ( D- Tron,CGD,1000.00,,,
37688,One Touch/Ultra Strips  25s,CBD,11250.00,,,
37641,Onglyza Tab,CBD,900.00,,,
37194,Optive Eye Drops,CBD,12500.00,,,
36974,Optrex Eye Drops 10ml,NBD,10600.00,,,
36866,Oracef 250mg Capsules, NBD ,120.00,,,
36029,Oral Rehydration Salts,NPD,0.00,,,
16068,Oraldine Mouthwash,NPD,0.00,,,
37925,Ormersartan  40mg,CBD,500.00,,,
36465,Ornilox Tab,CGD,900.00,,,
43151,Orofar(Benzoxonium Chlori,NPD,0.00,,,
37808,Orofer Suspension,OTC,1500.00,,,
37689,Oroquin 250mg Tablets 200,NBD,65.00,,,
36323,Osteocare,NPD,0.00,,,
37864,Osteoeze Tablets,CBD,350.00,,,
37543,Osteofos,CBD,2000.00,,,
16049,Otosporin Drops 7.5ml,NBD,5200.00,,,
16004,Otrivin Nasal Drops 1% (Adult),NBD,6000.00,,,
42086,Otrivine 0.05% Paeds Nasa,NBD,6000.00,,,
36474,Oxaplatin  100mg / Ml,CGD,65000.00,,,
36407,Oxis Turbohaler Tube,CBD,36500.00,,,
36022,Oxybutynin Hcl (Ditropan),NGD,200.00,,,
37319,Oxyfloxacin + Tinidazole,CBD,1000.00,,,
36575,Oxylin(Oxymetazoline) Eye Drops,NGD,6000.00,,,
22014,Oxymetazoline,NGD,2000.00,,,
42100,Oxytocin (Pitocin)10ui,NGD,700.00,,,
02019,P Alaxin Ds,NBD,1350.00,,,
37657,Paclitaxel 100mg,CGD,78000.00,,,
43034,Painagon,OTC,100.00,,,
37591,Painagon Syrup,OTC,2000.00,,,
42110,Painamol Tabs 500mg (1),OTC,50.00,,,
41225,P-Alaxin Syrup,NBD,2500.00,,,
41230,P-Alaxin Tablets ,NBD,350.00,,,
02020,P-Alaxin-DS  9S,NBD,2430.00,,,
37089,Palio D (Pantoprazole + Domperidone,CBD,150.00,,,
37695,Paludrine 100mg Tablets,NPD,0.00,,,
02092,Pamagin C Syrup,OTC,990.00,,,
41038,Panado Syrup  Adco  100ml ,OTC,2200.00,,,
42113,Panamor Supp 100mg (1),OTC,40.00,,,
10510,Panaprofen Capsules,OTC,40.00,,,
37697,Pankleoflat Tablets,CBD,400.00,,,
37165,Pantaloc 40mg,CBD,900.00,,,
37336,Panto Denk 20 Mg Tab,CBD,276.00,,,
37353,Panto Denk 40 Mg ,CBD,366.00,,,
37107,Pantoprazole 20mg,CGD,100.00,,,
37623,Pantoprazole Inj,CGD,3000.00,,,
37054,Pantosec(Domperidone + Pantoprazole),CBD,100.00,,,
02278,Paracetamol 500mg,NGD,20.00,,,
42122,Paracetamol Paed Supps 125mg,NGD,200.00,,,
36581,Paracetamol Syrup,NGD,800.00,,,
01097,Paraco Denk 100mg/60 suppo,OTC,1386.00,,,
02252,ParaCo-Denk supp tablet 500/30,OTC,200.00,,,
02022,Para-Denk supp 125,NBD,480.00,,,
02253,Para-Denk supp 250,OTC,540.00,,,
37737,Pariet 20mg,CBD,1200.00,,,
42127,Parlodel(Bromocriptine) 1,CBD,600.00,,,
40018,Paroven 250mg,CBD,900.00,,,
37170,Paroxetin ,CBD,500.00,,,
37547,Paroxetine 20mg,CBD,500.00,,,
36642,Patanol Eye Drops,CBD,16500.00,,,
42130,Pefloxacin 400mg Tabs,NBD,104.00,,,
36438,Penicillin Benzathine 2.4,NGD,1200.00,,,
20056,Penicillin Benzyl Ampoule,NGD,950.00,,,
20097,Penicillin V 125mg/5ml,NGD,900.00,,,
37451,Penicillin V.K. 250mg,NGD,50.00,,,
37751,Pentavalent Injection,SND,60000.00,,,
21203,Pentoprazole 20mg,CGD,80.00,,,
36483,Pepcid Tabs,NPD,0.00,,,
36744,Peptazol 20mg,CBD,130.00,,,
36993,Periactin  Tablets,NBD,350.00,,,
42027,Perimethrin Cream,NGD,6500.00,,,
11194,Perindopril 4mg,CGD,300.00,,,
36996,Persantin 100mg,CBD,455.00,,,
36104,Persantin 200mg,CBD,455.00,,,
02234,Pethidine 2.5ml,NGD,3510.00,,,
02102,Pethidine Inj 1ml,NGD,1500.00,,,
42146,Pethidine Tabs 50mg,NGD,140.00,,,
36647,Pevaryl Nasal Spray,NBD,25350.00,,,
36443,Pevisone 15g Cream,NBD,7450.00,,,
36444,Pharmapress Co (Enalapril,CBD,400.00,,,
05050,Phenergan 25mg,NBD,80.00,,,
42152,Phenergan Cream 30 G,NBD,3950.00,,,
05044,Phenergan Elixir 100ml,NBD,850.00,,,
05046,Phenergan Inj 2ml,NBD,1200.00,,,
42157,Phenobarbitone 100mg/2ml,CGD,1050.00,,,
02031,Phenobarbitone 30mg,CGD,20.00,,,
36445,Phenol-E- Drops 500ml,NPD,0.00,,,
22094,Phenylephine,NGD,195.00,,,
43206,Phenytoin 100mg,CGD,90.00,,,
36491,Phytopause Forte,CBD,455.00,,,
36448,Pilocarpine 2% Eye Drops,NGD,1500.00,,,
36734,Pilogel,NBD,1300.00,,,
32670,Pip Off,NBD,900.00,,,
41106,Piperacillin + Tazobactan,NBD,15000.00,,,
36453,Piriton 4mg Tablets,NGD,15.00,,,
36452,Piriton Syrup,NBD,750.00,,,
42163,Piroxicam  20mg,NGD,30.00,,,
36227,Plaquenil,NBD,250.00,,,
36023,Plavix 75mg,CBD,1800.00,,,
42827,Plendil 2.5mg,CBD,400.00,,,
42211,Plenish K Tabs 600mg,CBD,150.00,,,
37425,Pneumococcal Conjugated Vaccine,VAC,55000.00,,,
36455,Podophyllin Paint,NGD,3500.00,,,
42231,Polyvalent Antivenom,NBD,20000.00,,,
42232,Pommade Ichtyolee 10%,NPD,0.00,,,
02126,Ponstan Capsules,OTC,100.00,,,
42233,Ponstan Paed Supp 125mg (,OTC,1000.00,,,
02243,Ponstan Suspension,OTC,3500.00,,,
42236,Potassium Chloride Amp 15,NGD,585.00,,,
42237,Potassium Permanganate,NGD,890.00,,,
37598,Povidone Oint,NGD,800.00,,,
36755,Povidone Ointment,NGD,600.00,,,
36599,Powercort Cream,NBD,1430.00,,,
36652,Pradaxa 110mg,CBD,1000.00,,,
43301,Prasugrel 10mg,CBD,2500.00,,,
36239,Pravastatin (Pravasin) 40,CGD,900.00,,,
37755,Pravastatin 10mg,CGD,400.00,,,
12360,Praziquantel 600mg,NGD,500.00,,,
42928,Prazosin  5mg,CGD,400.00,,,
37841,Pred Forte Eye Drops,CBD,20500.00,,,
21029,Prednisolone 5mg,NGD,20.00,,,
36521,Prednisolone Acetate Solution,NGD,3500.00,,,
02120,Pregabalin,CBD,350.00,,,
37859,Pregalin 75mg,CBD,500.00,,,
36457,Pregnatal Tablets,NPD,0.00,,,
37731,Prelone Syrup,CBD,2500.00,,,
21016,Premarin  Cream 42.5mg,CGD,18500.00,,,
21012,Premarin 0.625mg,CGD,1000.00,,,
21015,Premarin 1.25mg,CGD,600.00,,,
42242,Premarin 25mg Inj,CGD,26500.00,,,
43045,Prempac N 0.625mg,CBD,800.00,,,
41315,Prempack (Utrogeston Tabs,CBD,390.00,,,
37010,Prempak - C 0.625mg,CBD,800.00,,,
42245,Prempak-N 0.625 Mg,CBD,715.00,,,
42246,Prempak-N 1.25mg,CBD,300.00,,,
11059,Prep-H Ointment,NGD,9000.00,,,
11037,Prep-H Suppository Pack,NBD,9000.00,,,
42247,Prepidil Gel 0.5mg 3g,NPD,0.00,,,
42248,Prepulsid Tab 10mg,NPD,0.00,,,
36659,Pretelax,CBD,950.00,,,
20600,Prevenar vaccine,VAC,95000.00,,,
36424,Prexium 2mg,CBD,470.00,,,
37736,Prexium 4mg,CBD,500.00,,,
41658,Prexium 4mg Plus,CBD,750.00,,,
42950,Primaquine 15mg,NGD,190.00,,,
21210,Primogyn Depot 1ml,CBD,9750.00,,,
43121,Primolut Depot 250mg Inj,NBD,9750.00,,,
21220,Primolut N 5mg,NBD,120.00,,,
42254,Primperan Suppositories A,NBD,4550.00,,,
05033,Primperan Tablets,NBD,33.00,,,
37012,Probanthine 15mg,NGD,400.00,,,
11803,Probion 75caps ( Pregabalin),CGD,189.70,,,
11078,Proctosedyl Oint 15mg,NBD,16250.00,,,
11080,Proctosedyl Suppositories,NBD,16250.00,,,
36397,Procutan Cream 1%,SPE,29500.00,,,
42256,Progesterone Inj. 25 Mg,CGD,4550.00,,,
42253,Progestrone 25mg,CGD,130.00,,,
42257,Proguanil Hcl 100mg,NPD,0.00,,,
36396,Proluton Depot Injection,CBD,4550.00,,,
36461,Promethazine Hcl 25mg Tablets,NGD,20.00,,,
43322,Promethazine Injection,NGD,300.00,,,
42258,Promethazine Syrup 100 Ml,NGD,600.00,,,
37550,Propantheline Tabs 25mg,NGD,26.00,,,
41068,Propofol 20ml,NGD,2500.00,,,
36463,Propranol 40mg Tablets,CGD,20.00,,,
37710,Proscar (Finasteride)5mg,CBD,1500.00,,,
42263,Prostin E2 Tabs 0.5mg (1),NBD,130.00,,,
42264,Protamine Sulphate Amps 5,CGD,15600.00,,,
36881,Protaphane Insulin,CBD,25000.00,,,
37303,Protaphane Pen- Set Insulin,CBD,10000.00,,,
37861,Protopic Ointment 1%,CBD,34450.00,,,
41282,Protos 2g,CBD,1500.00,,,
42265,Provera 5mg,CBD,800.00,,,
21226,Proviron 25mg,NPD,0.00,,,
36784,Proxym,CBD,520.00,,,
36464,Prozac 20mg Tablets,CBD,1200.00,,,
37686,Pulmicort Nebules,CBD,1500.00,,,
18070,Pulmicort Turbuhaler,CBD,14500.00,,,
41612,Pulmison 20mg,SND,800.00,,,
36547,Pulmocef 500 Mg Tab,NBD,850.00,,,
41120,Purbac 480mg,NBD,120.00,,,
42272,Puresis Tabs 40mg,CBD,123.00,,,
36984,Puricos 300mg,CBD,250.00,,,
42273,Puricos Tabs 100mg,CBD,180.00,,,
43040,Pyridium Tabs,NBD,300.00,,,
42278,Pyridoxine 25mg Tab,NGD,40.00,,,
22136,Pyridoxine Hcl 50mg Tablets,NGD,50.00,,,
42280,Pyrimethamine 25 Mg,NGD,295.00,,,
43307,Quadriderm Cream,CBD,18500.00,,,
37017,Questran 4mg,CBD,800.00,,,
37526,Quinapril - H,CBD,390.00,,,
06002,Quinidine Sulphate Tabs 2,NGD,65.00,,,
42282,Quinimax 500mg Tablets,NGD,130.00,,,
42283,Quinimax Ampoules 500mg,NBD,150.00,,,
36487,Quinine Dihydrochloride 3,NGD,300.00,,,
37706,Quinine Hcl 300mg Tablets,NGD,120.00,,,
42287,Quinine Injection 500mg,NGD,400.00,,,
36486,Quinine Sc 300mg Tablets,NBD,120.00,,,
37760,Quinine Syrup,NBD,4000.00,,,
42951,Quinine Syrup 100ml,NBD,4000.00,,,
37022,Quinoderm Cream 25g,NBD,8500.00,,,
41067,Qulanta tablets,NBD,45.00,,,
02254,R.B Tone Capsule ,NPD,0.00,,,
37606,Rabaxin 750mg,CBD,7150.00,,,
42017,Rabeprazole Sodium 20mg,CGD,100.00,,,
36431,Rabies Vaccine,NBD,16000.00,,,
2288,Rabies Vaccine (Generic),NGD,8000.00,,,
37882,Ramipril 10mg,CBD,500.00,,,
11033,Ramipril 2.5mg,CGD,300.00,,,
37158,Ramipril 5mg,CBD,450.00,,,
40015,Ramiprit 20mg,CBD,585.00,,,
43203,Ranferon 100ml,OTC,2300.00,,,
43051,Ranferon Capsules,OTC,80.00,,,
42290,Ranitidine  300mg Tab,CGD,100.00,,,
42291,Ranitidine 150 Mg Tabs,CGD,30.00,,,
42293,Ranitidine 50 Mg/Amp,CGD,3500.00,,,
32608,Ranolazine 500,CGD,1200.00,,,
41033,Ranophage 1 Mg Tab,CGD,250.00,,,
41034,Ranophage 2 Mg Tab,CGD,300.00,,,
42295,Rapifen 0.5mg/1ml (1),NBD,390.00,,,
07064,Rautrax Improved Tbs 50mg,NBD,1800.00,,,
41281,Refresh,CBD,9000.00,,,
36818,Relcer Suspension (Gel),OTC,2700.00,,,
36812,Relcer Tablets,NGD,25.00,,,
37091,Relestat Eye Drop,CBD,14500.00,,,
42302,Remicaine Amp Adco 2% 5ml,NBD,1500.00,,,
42303,Remicaine Jelly 2% 20ml T,NBD,6500.00,,,
42304,Remicard Amp Adco 10% 5ml,NBD,860.00,,,
42294,Reminyl 16mg,CBD,2900.00,,,
42305,Reminyl 4mg,CBD,780.00,,,
36768,Reminyl 8mg,CBD,2900.00,,,
37031,Renitec 20mg,CBD,350.00,,,
37708,Renitec 5mg Tablets,CBD,150.00,,,
42306,Renitec Tabs 10mg (1),CBD,200.00,,,
37030,Rennie Tablets 25's,NPD,0.00,,,
35410,Repace 100mg ( Losartan P,CBD,450.00,,,
36188,Requip 1mg,CBD,400.00,,,
07035,Reserpine 0.25mg,CGD,300.00,,,
07036,Reserpine 1mg/Ml,CGD,1950.00,,,
36646,Resperidal (Resperidone),CGD,300.00,,,
36493,Retrovir 100mg Tablets,NPD,0.00,,,
20105,Reverin Injection I.V. 27,NBD,1950.00,,,
43119,Revital,NPD,0.00,,,
43148,Revotril 1mg,CBD,250.00,,,
05011,Rexigen 10mg,CBD,32.00,,,
02393,Rexigen 40mg,CBD,70.00,,,
37180,Ribeff 44mg,CBD,585.00,,,
40023,Ridaq 25mg Tab (Hct),CBD,150.00,,,
35961,Rifabutin 150mg,CGD,260.00,,,
32635,Rinacet Syrup, NBD ,700.00,,,
42314,Ringers Lactate 500ml,NGD,700.00,,,
36228,Rinogrip Sachets(For Flue),NPD,0.00,,,
13123,Risperidone 1 Mg,CBD,300.00,,,
10004,Ritalin Tabs,CBD,1500.00,,,
36893,Rivastigmine,CBD,3334.00,,,
02138,Rivotril 0.2mg,CBD,250.00,,,
15229,Rivotril 0.5mg,CBD,400.00,,,
42315,Rivotril 1mg Amps (1),CBD,4000.00,,,
02140,Rivotril 2mg,CBD,450.00,,,
41722,Ro-Accutane 10mg,CBD,900.00,,,
41814,Ro-Accutane 20mg,CBD,1600.00,,,
36134,Robaxin 500mg,NPD,0.00,,,
42316,Robinul Amp 0.4mg 2ml,CBD,2000.00,,,
36507,Rocephine 1g/Vial I.V Inj,NBD,7800.00,,,
36506,Rocephine 250mg/Vial I.M,NBD,5000.00,,,
36508,Rocephine 2g/Vial I.M Inj,NBD,16500.00,,,
37122,Rofecoxib 25mg,CGD,575.00,,,
41032,Romilast 5 Mg Tab (Montelukast),CGD,200.00,,,
36244,Ropinirole 5mg,CGD,325.00,,,
36141,Rosuvas Tabs 10mg,CGD,300.00,,,
35998,Rosuvastatin (Crestor) 10mg,CGD,200.00,,,
44034,Rosuvastatin20mg,CGD,350.00,,,
42908,Rotavirus Vaccine,VAC,25000.00,,,
41150,Rythmol 150mg,CBD,635.00,,,
15123,Sabril 500mg,CBD,1500.00,,,
02024,Safetelm  80H,NBD,490.00,,,
11038,Salazopyrin Tablets,CBD,400.00,,,
42327,Salbutamol 0.5mg 1ml Amp,CGD,800.00,,,
36510,Salbutamol 2mg Tablets,CGD,20.00,,,
36509,Salbutamol 4mg Tablets,CGD,30.00,,,
43146,Salbutamol Inhaler,CGD,2800.00,,,
07061,Salbutamol Nebuliser Solution,CGD,100.00,,,
42328,Salbutamol Sulfate 4mg Ta,CGD,30.00,,,
42329,Salbutamol Suppo(1),CGD,585.00,,,
20266,Salbutamol Syrup 100ml,CGD,650.00,,,
36833,Salicylic Acid,NGD,1500.00,,,
42330,Saline Nose/Eye Drops 15ml (1),NPD,0.00,,,
36498,Sanatogen M & Iron Tablet,NPD,0.00,,,
37041,Sanatogen Vit E Tablets,NPD,0.00,,,
41297,Sandimmun,CBD,6500.00,,,
37042,Sandomigran  Tablets,CBD,1000.00,,,
36686,Sandostatin  500mcg/ Vial,CBD,35000.00,,,
32671,Sanfurox 750MG Inj,NBD,2500.00,,,
42334,Sanomigran (Pizotifen),CBD,1200.00,,,
37018,Sargramostim Vial,CGD,8300.00,,,
36512,Saridon Sa Tablets,NPD,0.00,,,
37045,Scheriproct Ointment 15g,NBD,25000.00,,,
11105,Scheriproct Suppositories,NBD,22500.00,,,
42341,Scolin (Suxamethonium Chl,NBD,8060.00,,,
42342,Scoline Amps 2ml (1),NBD,20735.00,,,
42343,Scopex Co Tabs (1),NPD,0.00,,,
37177,Sd Check Strips  25s,CBD,10500.00,,,
37330,Secnidazole 1g,NGD,325.00,,,
42481,Sectral Caps 100mg (1),CBD,350.00,,,
05051,Sectral Caps 200mg,CBD,650.00,,,
37679,Selegiline 5mg,CGD,300.00,,,
36539,Senokot 7.5mg Tablets,NPD,0.00,,,
36196,Serc (Betahistine Hcl)  8,CBD,200.00,,,
37106,Serc (Betahistine),CBD,400.00,,,
37047,Serenace Capsules,NBD,300.00,,,
37105,Seretide  Accuhaler 50 / 250,CBD,20000.00,,,
36511,Serevent Accuhaler 250mcg,CBD,21500.00,,,
36541,Serevent Inhaler 120 Dose,CBD,32500.00,,,
36542,Serevent Inhaler 60 Doses,CBD,32500.00,,,
37192,Seroflo 25/250 Mcg Inhaler,CBD,45000.00,,,
44029,Seroflo Inhaler,CBD,25000.00,,,
37854,Seroquil  25mg,CBD,1100.00,,,
36533,Sertraline 50mg,CGD,450.00,,,
36522,Servidoxiyne 100mg,NBD,975.00,,,
36524,Servigenta 2ml Injection,NBD,6500.00,,,
42049,Sibelium 5mg,CBD,1200.00,,,
36528,Sicorten 10g Cream,NBD,3500.00,,,
36530,Sicorten Plus Cream 10g,NBD,3500.00,,,
35059,Silver Nitrate Pencil,NGD,3500.00,,,
42493,Silver Sulphadiazine 1% C,NGD,1250.00,,,
36849,Simvastatin 10mg,CGD,150.00,,,
42930,Simvastatin 20mg,CGD,200.00,,,
37138,Simvastatin 40 Mg,CGD,250.00,,,
36617,Simvastatin 80mg,CGD,300.00,,,
37053,Sinemet 110mg Tablets,CBD,450.00,,,
37768,Sinemet 25 / 250mg,CBD,600.00,,,
12232,Singulair 10mg,CBD,1200.00,,,
38003,Singulair 4mg,CBD,1000.00,,,
36742,Sinurhon  Syrup,OTC,900.00,,,
42495,Sinurhon Tabs 1mg (1),OTC,30.00,,,
42521,Sinutab Nasal Spray,NPD,0.00,,,
05111,Sinutab Sa Tabs  100's,NPD,0.00,,,
05108,Sinutab Tabs  20's,NPD,0.00,,,
05112,Sinutab With Codeine 100's,NPD,0.00,,,
36641,Sleep-Eze (Valerian) V Na,CBD,350.00,,,
37056,Sloans Heat Rub 35g,NPD,0.00,,,
37057,Sloans Liniment,NGD,1500.00,,,
24004,Slow-K 600mg Tablets,CGD,200.00,,,
42508,Sod Chloride 0.9%/Glucose,NGD,72.00,,,
36613,Sodium  Valproate 100 Mg,CGD,195.00,,,
36631,Sodium Amytal 200mg,NGD,260.00,,,
37883,Sodium Bicarbonate  Caps,CGD,65.00,,,
42509,Sodium Bicarbonate Amp 8.5% 50ml (1),NGD,3500.00,,,
42510,Sodium Chlorde 0.9% 200ml,NGD,1950.00,,,
42513,Sodium Chloride 0.9%  1000ml,NGD,3900.00,,,
42512,Sodium Chloride 0.9% 500mls,NGD,6500.00,,,
32639,Sodium chloride eye drops,NPD,0.00,,,
38505,Sodium Clodronate,CGD,3150.00,,,
11804,Sodium valproate + valproic acid CT,CGD,75.60,,,
11042,Sodium Valproate Syrup,CGD,2950.00,,,
42515,Sodium Valproate Tabs 200,CGD,300.00,,,
16040,Sofradex Eye & Ear Drops 8ml,SND,18500.00,,,
42522,Soframycine + Hydroc Nsp,NGD,430.00,,,
42523,Soframycine 1.25% Nasal S,NBD,2990.00,,,
35955,Solifenus Succinate 5mg,CGD,3150.00,,,
37025,Solmucol 200,CBD,750.00,,,
37140,Solphylex Syrup,OTC,2500.00,,,
37059,Solphyllin Syrup,OTC,2800.00,,,
42525,Solu-Cortef 500mg (1),NBD,12500.00,,,
42526,Solu-Cortef Amp 100mg 2ml,NBD,4500.00,,,
42527,Solu-Medrol 500mg Inj,NBD,18500.00,,,
42528,Solu-Medrol Amp 40mg 1ml,NBD,3000.00,,,
12341,Sorafenib tablets 200mg,CGD,3000.00,,,
42058,Sotacor 80mg,CBD,130.00,,,
32673,Sp Tablet (Paludoxin),NBD,300.00,,,
36609,Spafil Tablets,NBD,52.00,,,
42534,Spasfon 40mg Amps,SND,49350.00,,,
01017,Spasmo ,CBD,900.00,,,
37062,Spersadex Eye Drops,NBD,14500.00,,,
36549,Spinhalers Lomudal,CBD,59.00,,,
42548,Spiractin 25mg,CBD,180.00,,,
37503,Spiriva (Tiopropium),CBD,2000.00,,,
43070,Spironolactone  50mg,CGD,100.00,,,
43072,Spironolactone 100mg,CGD,150.00,,,
42549,Spironolactone 25 Mg,CGD,80.00,,,
37169,Sporanox 200mg,NBD,5000.00,,,
1005,Stalevo  50mg,CBD,1400.00,,,
37064,Staplex 50mg,CGD,100.00,,,
37065,Status Tablets,CBD,100.00,,,
36140,Staxom Tablets (Moxifloxacin),NBD,1200.00,,,
43021,Stelazine 5mg,CBD,30.00,,,
05062,Stemetil 25mg,NBD,180.00,,,
37068,Stemetil 5mg Tablets,NBD,180.00,,,
05056,Stemetil Inj 2ml,NBD,1800.00,,,
05058,Stemetil Suppositories 25,NBD,2000.00,,,
05057,Stemetil Suppositories 5m,NBD,1500.00,,,
05059,Stemetil Syrup 100ml,NBD,715.00,,,
05055,Stemitil Inj 1ml,NBD,890.00,,,
02349,Sterimar      50  Mls,NBD,9900.00,,,
13142,Stilnox 10mg ( Zolpidem ),CBD,950.00,,,
02124,Stilnox 5mg ( Zolpidem ),CBD,650.00,,,
42571,Stilpane Tabs 400mg (1),OTC,60.00,,,
36887,Stopacid Syrup, OTC ,900.00,,,
37069,Stopayne Capsules,OTC,150.00,,,
37070,Stopayne Suspension,OTC,1700.00,,,
37072,Stopayne Tablets,OTC,120.00,,,
36910,"Streptokinase  1,500,000iu Inj",CBD,70000.00,,,
42580,Streptomycine  Injection,CBD,2350.00,,,
20277,Strocit 500mg,CBD,220.00,,,
42581,Stugeron 25 Mg Tablets,CBD,320.00,,,
42583,Sublimaze 10 Ml,NPD,0.00,,,
36787,Sucralfate 500mg,CGD,1500.00,,,
37079,Sudafed 60mg Tablets,NPD,0.00,,,
36550,Sulfabiotic Powder 10g,NGD,2000.00,,,
35107,Sulfadoxine Pyrimethamine,NGD,150.00,,,
20075,Sulphadimidine 500mg,NGD,130.00,,,
43312,Sulphasalazine 500mg,CGD,450.00,,,
37083,Sulphur Ointment 450g,NGD,900.00,,,
36065,Sulpiride 50mg,CBD,250.00,,,
36643,Sumatripan 50mg,CBD,1200.00,,,
37130,Sunitinib 25mg,CBD,4500.00,,,
13121,Supirocin  Cream,NBD,7500.00,,,
41132,Supirocin Ointment 5g,NBD,7500.00,,,
36745,Sylate,NBD,192.00,,,
11022,Symbicord Turbohaler,CBD,39500.00,,,
12410,Synalar C Cream 15g,NBD,18500.00,,,
13048,Synalar C Ointment 15g,NGD,18500.00,,,
12412,Synalar N Cream 15g,NBD,18500.00,,,
36557,Synalar N Ointment 15g,NBD,18500.00,,,
12409,Synap Forte,CBD,430.00,,,
02091,Syndol Tablets,OTC,90.00,,,
37007,Synflex ( Naproxen) 275mg,CBD,600.00,,,
36587,Synriam TM,NBD,1500.00,,,
42703,Syntocinon 10 Iu (Oxytoci,NBD,10000.00,,,
42705,Syntometrine Amp 1ml (5),NBD,3250.00,,,
42720,Syringe 5ml Luer Lock Ter,NGD,150.00,,,
36814,Systane Ultra Eye Drop,CBD,22500.00,,,
36175,Tacrolimus Cream,NBD,18500.00,,,
42724,Tagamet 200mg Tabs,CBD,450.00,,,
42725,Tagamet Amps 200mg/2ml (1,CBD,4500.00,,,
11184,Tagamet Tabs 400mg,CBD,850.00,,,
37302,Tagara Forte  ( Secnidazole 1g ),NBD,325.00,,,
36713,Tamazepam 10mg,NGD,520.00,,,
38501,Tambocor,CBD,150.00,,,
12534,Tamoxifen Citrate 20mg,CGD,350.00,,,
01091,Tamsul 0.4mcg,CBD,950.00,,,
40021,Tamsulosin 400mcg,CGD,450.00,,,
02255,Tapal 50mg,OTC,100.00,,,
37545,Tareg    30,CBD,500.00,,,
36047,Taxol   ( Paclitaxel ),CBD,150000.00,,,
37097,Tears Naturale,NBD,9500.00,,,
02310,Tegretol 200mg,CBD,625.00,,,
43200,Tegretol Syrup,CBD,16500.00,,,
37812,Telfast 10mg,CBD,800.00,,,
10096,Telmisartan + Hcl,CGD,240.00,,,
36380,Telmisarten 40mg,CGD,200.00,,,
01018,Temozolamide 250mg,CBD,90.00,,,
36322,Tenchlor Hs,CBD,200.00,,,
02395,Tendia 20mg (teneligliptin),CBD,500.00,,,
37788,Tenektaplase Injection,CGD,8000.00,,,
36099,Tenofovir Disoproxil Fumarate,CBD,900.00,,,
38515,Tenoretic 50/ 12.5mg,CBD,900.00,,,
36562,Tenormin 100mg Tablets,CBD,1500.00,,,
37633,Tenormin 25mg Tablets,CBD,975.00,,,
36561,Tenormin 50mg Tablets,CBD,1200.00,,,
36560,Tensiral 40mg Tablets,CBD,500.00,,,
13160,Tenston Sl,CBD,4500.00,,,
41702,Terbicil 250mg,NBD,2500.00,,,
37729,Terbicil Tablets,CBD,2500.00,,,
36997,Terbinafine  250mg,NGD,975.00,,,
37663,Ternomin 25mg,CBD,975.00,,,
36245,Terra-Cortril Eye Drops,NBD,5000.00,,,
44030,Tess Gel,NBD,2500.00,,,
10017,Testestorone Implant Img,NPD,0.00,,,
10045,Testosterone Depot Inject,NPD,0.00,,,
42748,Tetanus  Toxoid  Vaccine,NPD,0.00,,,
43000,Tetanus Serum,NPD,0.00,,,
15032,Tetracycline  Eye Ointment,NBD,300.00,,,
37581,Tetracycline 250mg,NBD,300.00,,,
37103,Tetracycline Skin Ointment,NGD,900.00,,,
37580,Tetralysal 300mg,CBD,900.00,,,
15952,Texa 10,CGD,250.00,,,
37957,Theophylline 400mg,CGD,80.00,,,
42753,Theoplus Tabs 200mg (1),CBD,300.00,,,
02248,Thiabendazole 500mg,NGD,150.00,,,
42758,Thiamine Hcl 50mg,NBD,100.00,,,
42759,Thiamine Hcl Vial 100mg 1,NBD,900.00,,,
13071,Thrombophob Ointment 20g,NBD,4500.00,,,
43109,Thyroxine 100mcg,CGD,160.00,,,
36570,Thyroxine 25mcg Tablets,CGD,100.00,,,
43110,Thyroxine 50mcg,CGD,125.00,,,
37085,Tibolone Cycle,CBD,1500.00,,,
36571,Tilazem 60mg (Zilden),CBD,1500.00,,,
36572,Tilazem 90mg Tablets,CBD,1500.00,,,
36220,Timolol 10mg,CGD,1650.00,,,
10508,Timolol Meleate eye drops 5ml,CGD,2000.00,,,
15027,Timoptol eye  Drops 5ml,CBD,18500.00,,,
42763,Tinct Benzoin Comp 50ml (,NGD,11000.00,,,
42764,Tinidazole 500mg,NGD,120.00,,,
37099,Tiotropium Tablets 18 Mcg,CGD,1500.00,,,
32208,Tizanidine 2mg,NGD,200.00,,,
41322,Tobrex  Eye  Drops,SND,22500.00,,,
01055,Tofranil 10mg,CBD,180.00,,,
37109,Tofranil 25mg Tablets,CBD,350.00,,,
37874,Tolnaftate  Cream,NGD,3500.00,,,
37705,Tonact (Atorvasta  +  Fenofibrate),CBD,450.00,,,
37419,Topamax ( Topiramate ),CBD,500.00,,,
22095,Topotel ( topotecan) 2.5mg inj,CBD,3500.00,,,
36543,Toradol Injection,NBD,685.00,,,
07005,Toras -denk 10,CBD,522.00,,,
07004,Toras-denk 5,CBD,348.00,,,
36660,Torasemide 5mg,CGD,2145.00,,,
43300,Totamol 100mg,CBD,320.00,,,
42793,Tracrium 25mg/2.5ml (1),NBD,8000.00,,,
33582,Tradjenta,CBD,1950.00,,,
12401,Tramacet 362.5mg,CBD,450.00,,,
37683,Tramadol Denk Tab,OTC,650.00,,,
37164,Tramadol Hcl,OTC,100.00,,,
42796,Tramal Amps 100mg/2ml (1),OTC,500.00,,,
42797,Tramal Drops 10ml,OTC,6500.00,,,
42798,Tramal Supp 100mg (1),OTC,2145.00,,,
42799,Trandate Amps 20ml (5),CBD,7150.00,,,
37257,Tranexamic Acid Iv 500mg,NGD,8000.00,,,
35404,Transact Patches,NBD,2000.00,,,
41122,Travatan eye drops,CBD,27500.00,,,
18141,Travocort Cream,NBD,8500.00,,,
42734,Travogen Cream 20gm,NBD,9500.00,,,
01021,Trazadone 50mg,CBD,350.00,,,
37088,Trental 400mg,NBD,2100.00,,,
42804,Trepiline Tabs 10mg (1),CBD,200.00,,,
42805,Trepiline Tabs 25mg (1),CBD,350.00,,,
36048,Tretinon (Retin -A) Cream,NBD,24500.00,,,
37725,Tri- Plen ( Rimapril & Fe,CBD,800.00,,,
42284,Triamcinolone Per Vial,NGD,2900.00,,,
40014,Triapin ( Felodipine & Ra,CBD,900.00,,,
36499,Trifluoperazine 5mg,NGD,1075.00,,,
36779,Trimcinolone Gel (Tess),CGD,2500.00,,,
37793,Trimethoprim 200mg,NGD,300.00,,,
43308,Triomune,NPD,0.00,,,
36636,Triplen Forte Tabs (Ramipril + ),CBD,1200.00,,,
36468,Tripride 2 Mg Tab,CGD,300.00,,,
37867,Trisequens,CBD,1400.00,,,
18057,Tritace 10mg,CBD,1500.00,,,
20201,Troderm Cream,NBD,3770.00,,,
36296,Tropicamide eye drops,NBD,1500.00,,,
36855,Troponin,CBD,74000.00,,,
38510,True Result Strips [Blood Sugar],CBD,14500.00,,,
37773,Trusopt Eye Drops 2.5ml,CBD,22500.00,,,
01019,Trustan 20mg,CBD,1800.00,,,
36579,Tryptanol (Tryptazole) 75,CBD,475.00,,,
01026,Tryptanol Syrup 100ml,CBD,3250.00,,,
41133,Turbovas 10mg,CBD,2990.00,,,
32611,Turbovas 20mg,CBD,3770.00,,,
43332,Twynsta 80/10mg,CBD,1000.00,,,
37427,Typhoid Vaccine 0.5ml,VAC,24500.00,,,
37108,Ulsanic 1g,NPD,0.00,,,
42819,Ulsanic Susp (100),NPD,0.00,,,
02104,Ultop DSR,CBD,85.00,,,
43209,Urazide 50mg,CBD,100.00,,,
36853,Urbason Cream,NBD,3500.00,,,
35409,Urimax 0.4mg,CBD,500.00,,,
37154,Vagid Cl( Clindamycin & Clotrimazole ),NBD,2500.00,,,
32676,Vagid Powder (Imazole V),NBD,2500.00,,,
37043,Vagifem,CBD,1400.00,,,
02149,Valium  2mg,NBD,80.00,,,
02144,Valium  Inj 2ml,NBD,300.00,,,
37886,Valium 10mg,NBD,500.00,,,
37113,Valium 5mg,NBD,150.00,,,
02145,Valium Syrup 1ooml,NBD,3250.00,,,
42843,Valoid Amps 50mg (1),NPD,0.00,,,
42844,Valoid Supp Adult 100mg,NPD,0.00,,,
42846,Valoid Supp Paed 50mg (6),NPD,0.00,,,
02233,Valoron Caps,NBD,95.00,,,
42847,Valoron Drops 50mg/0.5ml,NBD,19500.00,,,
01020,Valsadenk 160mg,CBD,398.59,,,
37920,Valsartan (Diovan) 40mg,CBD,400.00,,,
37020,Valus(Acelofenac + Paracetamol),NBD,150.00,,,
40044,Vancomycin 500mg Inj,CGD,9500.00,,,
20601,Varicella vaccine,VAC,48000.00,,,
37754,Venlor 150mg,CBD,1500.00,,,
36795,Venofer Infusion,CBD,3000.00,,,
02237,Venoralbine 10mg (Vial),CBD,7800.00,,,
44033,Venteze Inhaler Complete (1),CBD,2500.00,,,
42869,Venteze Syrup (100),CBD,1800.00,,,
42870,Venteze Tabs 2mg (1),CBD,50.00,,,
10006,Ventolin 4mg,CBD,80.00,,,
11617,Ventolin Inhaler,CBD,3500.00,,,
08039,Ventolin Inj 1ml,CBD,4000.00,,,
37805,Ventolin Nebules 5,CBD,1000.00,,,
11646,Ventolin Resp' Solution-2,CBD,9000.00,,,
1007,Ventolin Syrup 150ml,CBD,4000.00,,,
08042,Ventolin Tablets 2mg,CBD,60.00,,,
43018,Verahexal 240mg,CBD,500.00,,,
43086,Verapamil 40mg,CGD,90.00,,,
42873,Verapamil Hcl 240mg,CGD,450.00,,,
37123,Vermox 100mg Tablets 2,NBD,500.00,,,
12020,Vermox Suspension 100mg/5,NBD,3000.00,,,
11039,Vertex 10mg,CBD,98.00,,,
35952,Vesicare  5mg,CBD,1200.00,,,
20165,Vibramycin 100mg,NBD,1450.00,,,
42876,Vibrocil Nasal Drops,NBD,6500.00,,,
43132,Vibrocil Nasal Spray,NBD,14500.00,,,
37421,Vifex  Syrup,OTC,1500.00,,,
37582,Vigamox Eye Drops,CBD,24500.00,,,
37511,Vigorix Suspension,NPD,0.00,,,
37125,Viminova Syrup,NPD,0.00,,,
37126,Viminova Tablets,NPD,0.00,,,
43309,Vinblastine Sulphate Injection,CGD,19000.00,,,
37129,Vincristine 1mg Inj,CGD,1500.00,,,
37168,Vincristine Inj 2mg (Oncovin),CGD,2500.00,,,
10097,Vinnair inhaler,CBD,38000.00,,,
37051,Vioxx  25mg,CBD,325.00,,,
02025,Viraval 500mg tabs,NBD,2844.00,,,
01096,Viread ( Tenofovir 300mg),CBD,2669.90,,,
42878,Virogerm (5000)(1),NBD,59.00,,,
42880,"Vitamin A 200,000iu",NGD,100.00,,,
42881,Vitamin A 50000 Iu,NGD,200.00,,,
42882,Vitamin A Capsules 10.000,NGD,52.00,,,
42883,Vitamin B Co 10ml (1),NGD,600.00,,,
42884,Vitamin B Co Amps 2ml (1),NGD,300.00,,,
36056,Vitamin B Complex Suspens,NGD,900.00,,,
22067,Vitamin B Complex Tabs,NGD,20.00,,,
36611,Vitamin B Denk,NBD,100.00,,,
42886,Vitamin B12 Amp 1000 Ug/M,NGD,2500.00,,,
22023,Vitamin C 100mg Tablets,NPD,0.00,,,
37383,Vitamin D3 capsule,CGD,1125.00,,,
42889,Vitamin E 200mg,NPD,0.00,,,
42890,Vitamin E 400mg,NPD,0.00,,,
42891,Vitamin K 1 Mg Amp,NGD,2500.00,,,
41586,Vividrine Eye Drops,NBD,2470.00,,,
42840,Voglibose 0.3 Mg,CBD,350.00,,,
44034,Volix,CBD,350.00,,,
37146,Volmax 4mg Tablets,CBD,720.00,,,
03022,Voltaren 25mg,SND,1200.00,,,
03018,Voltaren 50mg,SND,200.00,,,
36586,Voltaren Emulgel 100g,SND,14500.00,,,
42893,Voltaren Emulgel 20g (1),SND,3500.00,,,
03062,Voltaren Injection 3ml,SND,1200.00,,,
03019,Voltaren Retard 100mg,SND,600.00,,,
42894,Voltaren Supp 12.5mg (1),SND,350.00,,,
11299,Voltaren Suppositories 50,SND,500.00,,,
42895,Voltaren Suppository 100m,SND,850.00,,,
11041,Warfarin 1mg,CGD,75.00,,,
08038,Warfarin Caps 5mg,CGD,150.00,,,
42904,Water For Injection 10ml (1),NGD,150.00,,,
36212,Wellbutrin Sr,CBD,600.00,,,
36590,Whitefield Ointment 50g,NGD,600.00,,,
36402,Xalatan  Eye  Drops,CBD,19500.00,,,
38516,Xanor 0.5mg,CBD,250.00,,,
37153,Xanor 1 Mg,CBD,450.00,,,
38518,Xanor Sr 1mg,CBD,750.00,,,
15920,Xatral 10mg,CBD,1200.00,,,
24023,Xeloda 2.5mg,CBD,3800.00,,,
36039,Xenical 500mg,NPD,0.00,,,
32678,Xipro Eye Drop ( Cipro 5ML),NBD,450.00,,,
32677,Xipro-D Eye Drop,NBD,600.00,,,
38517,X-Prep Liquid,NBD,9900.00,,,
36724,Xykaa  650mg ,CBD,50.00,,,
42920,Xylocaine Spray 80g (1),SND,19500.00,,,
36079,Xylometazoline Hcl Drops,NGD,650.00,,,
42927,Xyloproct Ointment,NGD,5000.00,,,
42922,Xylotox 2% E80 C Adrenali,NBD,6500.00,,,
42923,Xylotox 2% Se Plain Amp 1,NBD,6500.00,,,
37417,Xyzal  ( Levocetirizine ) 2.5mg,CBD,700.00,,,
22027,Yaz,CBD,600.00,,,
37156,Zaditen 1mg Capsules,CBD,1500.00,,,
15826,Zaditen Eye Drops,CBD,14500.00,,,
37155,Zaditen Syrup 200ml,CBD,19500.00,,,
36489,Zamanon 100mg inj (Dolacentron),CBD,2800.00,,,
38511,Zanidip 10mg,CBD,600.00,,,
37159,Zantac 150mg Tablets,CBD,1000.00,,,
41157,Zantac 300mg Tabs,CBD,1800.00,,,
36990,Zelitrex  Hcl,NBD,2500.00,,,
12025,Zentel Suspension 10mg/5m,NBD,2500.00,,,
12024,Zentel Tablets 200mg,NBD,2500.00,,,
42929,Zentel Tabs  400mg,NBD,3500.00,,,
41864,Zerodal 100mg,NBD,75.00,,,
43302,Zestoretic 20mg,CBD,300.00,,,
36591,Zestril 10mg Tablets,CBD,150.00,,,
43080,Zestril 20mg,CBD,250.00,,,
43079,Zestril 5mg,CBD,120.00,,,
11032,Ziak 2.5mg,CBD,650.00,,,
42932,Zinacef Vials 750mg (1),NBD,7500.00,,,
42936,Zinc Oxide Paste 28g,NGD,3000.00,,,
42938,Zinc Sulphate Eye Drops,NBD,1450.00,,,
37058,Zinc Sulphate Tablets,NPD,0.00,,,
32679,Zinc Tablet (Zinate),NPD,0.00,,,
36839,Zineryt  Acne Lotion,SND,14500.00,,,
36594,Zinnat 125mg Tablets,NBD,800.00,,,
37163,Zinnat 125mg/5ml Suspension,NBD,7500.00,,,
36592,Zinnat 500mg Tablets,NBD,1800.00,,,
42939,Zinnat Tablets 250mg,NBD,1200.00,,,
20128,Zinolol Shampoo,NBD,3500.00,,,
13144,Zirtec  Suspension,CBD,18500.00,,,
13141,Zirtec 10mg,CBD,500.00,,,
37734,Zocor 10mg,CBD,300.00,,,
40024,Zocor 20mg,CBD,350.00,,,
36597,Zofran (Ondancetron) 8mg Inj,CBD,4500.00,,,
37927,Zofran 8mg tabs,CBD,450.00,,,
37735,Zoladex 10.8mg,CBD,290000.00,,,
37814,Zoladex 3.6mg,CBD,140000.00,,,
36598,Zolcer 20mg,CBD,200.00,,,
11023,Zoldipam 10mg,CGD,200.00,,,
37744,Zoldonat 4mg,CBD,1400.00,,,
40019,Zoloft 50mg,CBD,1200.00,,,
37884,Zolpiderm 10mg,CGD,200.00,,,
36429,Zommeta 4mg inj,CBD,90000.00,,,
37840,Zopiclone 3.75mg,CBD,260.00,,,
11034,Zorak 0.05 Gel,NBD,7150.00,,,
36608,Zovirax 200mg Tablets,NBD,1800.00,,,
36708,Zovirax Cream 10g,NBD,8500.00,,,
36596,Zovirax Cream 20g,NBD,16500.00,,,
36606,Zovirax Eye  5% Ointment 4.5g,NBD,9300.00,,,
37096,Zyban Tablets,CBD,865.00,,,
02350,Zyloprim 100mg,CBD,250.00,,,
03056,Zyloprim 300mg,CBD,320.00,,,
